,category,title,link
0,sports,Memphis y Dumfries certifican que el 'soccer' todavía está lejos del modelo de fútbol de - MARCA.com,https://news.google.com/__i/rss/rd/articles/CBMiVWh0dHBzOi8vd3d3Lm1hcmNhLmNvbS9mdXRib2wvbXVuZGlhbC9jcm9uaWNhLzIwMjIvMTIvMDMvNjM4YjY1YmMyNjhlM2VmNzI1OGI0NThhLmh0bWzSAVVodHRwczovL2FtcC5tYXJjYS5jb20vZnV0Ym9sL211bmRpYWwvY3JvbmljYS8yMDIyLzEyLzAzLzYzOGI2NWJjMjY4ZTNlZjcyNThiNDU4YS5odG1s?oc=5
1,sports,Con el dinero no basta en el fútbol - AS ,https://news.google.com/__i/rss/rd/articles/CBMiPWh0dHBzOi8vYXMuY29tL29waW5pb24vY29uLWVsLWRpbmVyby1uby1iYXN0YS1lbi1lbC1mdXRib2wtbi_SAUxodHRwczovL2FzLmNvbS9vcGluaW9uL2Nvbi1lbC1kaW5lcm8tbm8tYmFzdGEtZW4tZWwtZnV0Ym9sLW4vP291dHB1dFR5cGU9YW1w?oc=5
2,sports,El fútbol es un cuento - La Voz de Galicia,https://news.google.com/__i/rss/rd/articles/CBMiXmh0dHBzOi8vd3d3Lmxhdm96ZGVnYWxpY2lhLmVzL25vdGljaWEvb3Bpbmlvbi8yMDIyLzEyLzA0L2Z1dGJvbC1jdWVudG8vMDAwM18yMDIyMTJFNFA2MDk5My5odG3SAWJodHRwczovL3d3dy5sYXZvemRlZ2FsaWNpYS5lcy9hbXAvbm90aWNpYS9vcGluaW9uLzIwMjIvMTIvMDQvZnV0Ym9sLWN1ZW50by8wMDAzXzIwMjIxMkU0UDYwOTkzLmh0bQ?oc=5
3,sports,Cavani y Giménez serán sancionados pero no con sus clubes - Marca,https://news.google.com/__i/rss/rd/articles/CBMiTWh0dHBzOi8vd3d3Lm1hcmNhLmNvbS9mdXRib2wvbXVuZGlhbC8yMDIyLzEyLzAzLzYzOGIwYzM5ZTI3MDRlOTkwNzhiNDVhZi5odG1s0gFNaHR0cHM6Ly9hbXAubWFyY2EuY29tL2Z1dGJvbC9tdW5kaWFsLzIwMjIvMTIvMDMvNjM4YjBjMzllMjcwNGU5OTA3OGI0NWFmLmh0bWw?oc=5
4,sports,Suspendido por una tangana a puñetazos el Almería-Heart (1-0) - Diario de Almería,https://news.google.com/__i/rss/rd/articles/CBMiZ2h0dHBzOi8vd3d3LmRpYXJpb2RlYWxtZXJpYS5lcy91ZC1hbG1lcmlhL3N1c3BlbmRpZG8tdGFuZ2FuYS1wdW5ldGF6b3MtYWxtZXJpYS1oZWFydHNfMF8xNzQ0NjI1Nzg0Lmh0bWzSAWtodHRwczovL3d3dy5kaWFyaW9kZWFsbWVyaWEuZXMvdWQtYWxtZXJpYS9zdXNwZW5kaWRvLXRhbmdhbmEtcHVuZXRhem9zLWFsbWVyaWEtaGVhcnRzXzBfMTc0NDYyNTc4NC5hbXAuaHRtbA?oc=5
5,sports,"Cristiano Ronaldo exige a la Juventus 19,9 millones de euros - Marca",https://news.google.com/__i/rss/rd/articles/CBMiU2h0dHBzOi8vd3d3Lm1hcmNhLmNvbS9mdXRib2wvbGlnYS1pdGFsaWFuYS8yMDIyLzEyLzA0LzYzOGM3YTNhMjI2MDFkOTkzMThiNDVlMi5odG1s0gFTaHR0cHM6Ly9hbXAubWFyY2EuY29tL2Z1dGJvbC9saWdhLWl0YWxpYW5hLzIwMjIvMTIvMDQvNjM4YzdhM2EyMjYwMWQ5OTMxOGI0NWUyLmh0bWw?oc=5
6,sports,"El último baile del invicto Van Gaal: ""Luchamos por Louis"" - Marca",https://news.google.com/__i/rss/rd/articles/CBMiTWh0dHBzOi8vd3d3Lm1hcmNhLmNvbS9mdXRib2wvbXVuZGlhbC8yMDIyLzEyLzA0LzYzOGJiZWU4ZTI3MDRlYjQ1YjhiNDViNi5odG1s0gFNaHR0cHM6Ly9hbXAubWFyY2EuY29tL2Z1dGJvbC9tdW5kaWFsLzIwMjIvMTIvMDQvNjM4YmJlZThlMjcwNGViNDViOGI0NWI2Lmh0bWw?oc=5
7,sports,"Luis Enrique: «Si a Gavi le ha hecho la porra el Rey, es que sabe mucho de fútbol» - Okdiario",https://news.google.com/__i/rss/rd/articles/CBMiYGh0dHBzOi8vb2tkaWFyaW8uY29tL211bmRpYWwvbHVpcy1lbnJpcXVlLXNpLWdhdmktaGVjaG8tcG9ycmEtcmV5LXF1ZS1zYWJlLW11Y2hvLWZ1dGJvbC0xMDEwMDczNdIBZGh0dHBzOi8vb2tkaWFyaW8uY29tL211bmRpYWwvbHVpcy1lbnJpcXVlLXNpLWdhdmktaGVjaG8tcG9ycmEtcmV5LXF1ZS1zYWJlLW11Y2hvLWZ1dGJvbC0xMDEwMDczNS9hbXA?oc=5
8,sports,El VAR más moderno sigue sin resolver los problemas del fútbol: las polémicas arbitrales del Mundial - EL ESPAÑOL,https://news.google.com/__i/rss/rd/articles/CBMigwFodHRwczovL3d3dy5lbGVzcGFub2wuY29tL2RlcG9ydGVzL2Z1dGJvbC9tdW5kaWFsLzIwMjIxMjAzL3Zhci1zaW4tcmVzb2x2ZXItcHJvYmxlbWFzLXBvbGVtaWNhcy1hcmJpdHJhbGVzLW11bmRpYWwvNzIzMTc3Njc2XzAuaHRtbNIBhwFodHRwczovL3d3dy5lbGVzcGFub2wuY29tL2RlcG9ydGVzL2Z1dGJvbC9tdW5kaWFsLzIwMjIxMjAzL3Zhci1zaW4tcmVzb2x2ZXItcHJvYmxlbWFzLXBvbGVtaWNhcy1hcmJpdHJhbGVzLW11bmRpYWwvNzIzMTc3Njc2XzAuYW1wLmh0bWw?oc=5
9,sports,"La indignación de Luis Suárez: ""¿Por qué siempre contra Uruguay?"" - Marca",https://news.google.com/__i/rss/rd/articles/CBMiTWh0dHBzOi8vd3d3Lm1hcmNhLmNvbS9mdXRib2wvbXVuZGlhbC8yMDIyLzEyLzAyLzYzOGE0ZWFlY2E0NzQxZjU0ZThiNDVjYy5odG1s0gFNaHR0cHM6Ly9hbXAubWFyY2EuY29tL2Z1dGJvbC9tdW5kaWFsLzIwMjIvMTIvMDIvNjM4YTRlYWVjYTQ3NDFmNTRlOGI0NWNjLmh0bWw?oc=5
10,sports,El fútbol fue lo de menos - Cadena SER,https://news.google.com/__i/rss/rd/articles/CBMiWGh0dHBzOi8vY2FkZW5hc2VyLmNvbS9jYW5hcmlhcy8yMDIyLzEyLzA0L2VsLWZ1dGJvbC1mdWUtbG8tZGUtbWVub3MtcmFkaW8tY2x1Yi10ZW5lcmlmZS_SAWdodHRwczovL2NhZGVuYXNlci5jb20vY2FuYXJpYXMvMjAyMi8xMi8wNC9lbC1mdXRib2wtZnVlLWxvLWRlLW1lbm9zLXJhZGlvLWNsdWItdGVuZXJpZmUvP291dHB1dFR5cGU9YW1w?oc=5
11,sports,El porcentaje que atormenta a España en los Mundiales desde que fue campeona - El Mundo,https://news.google.com/__i/rss/rd/articles/CBMiYWh0dHBzOi8vd3d3LmVsbXVuZG8uZXMvZGVwb3J0ZXMvZnV0Ym9sL211bmRpYWwtZGUtZnV0Ym9sLzIwMjIvMTIvMDQvNjM4YjFjNjVmZGRkZmYyODg4OGI0NTkzLmh0bWzSAWFodHRwczovL2FtcC5lbG11bmRvLmVzL2RlcG9ydGVzL2Z1dGJvbC9tdW5kaWFsLWRlLWZ1dGJvbC8yMDIyLzEyLzA0LzYzOGIxYzY1ZmRkZGZmMjg4ODhiNDU5My5odG1s?oc=5
12,sports,¿Será que el fútbol todo lo cura? - elDiario.es,https://news.google.com/__i/rss/rd/articles/CBMiXGh0dHBzOi8vd3d3LmVsZGlhcmlvLmVzL2NhbmFyaWFzYWhvcmEvbGFwYWxtYWFob3JhL29waW5pb24vc2VyYS1mdXRib2wtY3VyYV8xMjlfOTc2ODUwOC5odG1s0gEA?oc=5
13,sports,Boicot de Mbappé al alcohol - AS ,https://news.google.com/__i/rss/rd/articles/CBMiPGh0dHBzOi8vYXMuY29tL2Z1dGJvbC9tdW5kaWFsL2JvaWNvdC1kZS1tYmFwcGUtYWwtYWxjb2hvbC1uL9IBS2h0dHBzOi8vYXMuY29tL2Z1dGJvbC9tdW5kaWFsL2JvaWNvdC1kZS1tYmFwcGUtYWwtYWxjb2hvbC1uLz9vdXRwdXRUeXBlPWFtcA?oc=5
14,sports,"La afición revive los fatídicos minutos con España eliminada: ""Nos mirábamos en la grada..."" - Marca",https://news.google.com/__i/rss/rd/articles/CBMiTWh0dHBzOi8vd3d3Lm1hcmNhLmNvbS9mdXRib2wvbXVuZGlhbC8yMDIyLzEyLzAxLzYzODkyNmRiNDYxNjNmN2Q2OThiNDVlMC5odG1s0gFNaHR0cHM6Ly9hbXAubWFyY2EuY29tL2Z1dGJvbC9tdW5kaWFsLzIwMjIvMTIvMDEvNjM4OTI2ZGI0NjE2M2Y3ZDY5OGI0NWUwLmh0bWw?oc=5
15,sports,Tremendo Anthony Davis: 44 puntos para conquistar Milwaukee - nbamaniacs,https://news.google.com/__i/rss/rd/articles/CBMiX2h0dHBzOi8vd3d3Lm5iYW1hbmlhY3MuY29tL25vdGljaWFzL3RyZW1lbmRvLWFudGhvbnktZGF2aXMtNDQtcHVudG9zLXBhcmEtY29ucXVpc3Rhci1taWx3YXVrZWUv0gEA?oc=5
16,sports,Sacramento arrasa en su visita a los Clippers - nbamaniacs,https://news.google.com/__i/rss/rd/articles/CBMiUmh0dHBzOi8vd3d3Lm5iYW1hbmlhY3MuY29tL25vdGljaWFzL3NhY3JhbWVudG8tYXJyYXNhLWVuLXN1LXZpc2l0YS1hLWxvcy1jbGlwcGVycy_SAQA?oc=5
17,sports,Doncic se sale en la Meca del baloncesto - Marca,https://news.google.com/__i/rss/rd/articles/CBMiTWh0dHBzOi8vd3d3Lm1hcmNhLmNvbS9iYWxvbmNlc3RvL25iYS8yMDIyLzEyLzA0LzYzOGM0MDM0MjY4ZTNlYjY1MThiNDVlMC5odG1s0gFNaHR0cHM6Ly9hbXAubWFyY2EuY29tL2JhbG9uY2VzdG8vbmJhLzIwMjIvMTIvMDQvNjM4YzQwMzQyNjhlM2ViNjUxOGI0NWUwLmh0bWw?oc=5
18,sports,Golden State acaba con Houston al ritmo de Andrew Wiggins - nbamaniacs,https://news.google.com/__i/rss/rd/articles/CBMiXmh0dHBzOi8vd3d3Lm5iYW1hbmlhY3MuY29tL25vdGljaWFzL2dvbGRlbi1zdGF0ZS1hY2FiYS1jb24taG91c3Rvbi1hbC1yaXRtby1kZS1hbmRyZXctd2lnZ2lucy_SAQA?oc=5
19,sports,T.J. Warren vuelve vuelve a las canchas tras 703 días en blanco - nbamaniacs,https://news.google.com/__i/rss/rd/articles/CBMiY2h0dHBzOi8vd3d3Lm5iYW1hbmlhY3MuY29tL25vdGljaWFzL3Qtai13YXJyZW4tdnVlbHZlLXZ1ZWx2ZS1hLWxhcy1jYW5jaGFzLXRyYXMtNzAzLWRpYXMtZW4tYmxhbmNvL9IBAA?oc=5
20,sports,Golden State asesta otro golpe a los heridos Bulls - nbamaniacs,https://news.google.com/__i/rss/rd/articles/CBMiV2h0dHBzOi8vd3d3Lm5iYW1hbmlhY3MuY29tL25vdGljaWFzL2dvbGRlbi1zdGF0ZS1hc2VzdGEtb3Ryby1nb2xwZS1hLWxvcy1oZXJpZG9zLWJ1bGxzL9IBAA?oc=5
21,sports,Houston da la sorpresa remontando y derrotando a los Suns - nbamaniacs,https://news.google.com/__i/rss/rd/articles/CBMiXmh0dHBzOi8vd3d3Lm5iYW1hbmlhY3MuY29tL25vdGljaWFzL2hvdXN0b24tZGEtbGEtc29ycHJlc2EtcmVtb250YW5kby15LWRlcnJvdGFuZG8tYS1sb3Mtc3Vucy_SAQA?oc=5
22,sports,"La lesión de Juancho Hernangómez: qué tiene, qué se sabe y cuánto tiempo estará fuera con Toronto Raptors - Sporting News",https://news.google.com/__i/rss/rd/articles/CBMibGh0dHBzOi8vd3d3LnNwb3J0aW5nbmV3cy5jb20vZXMvbmJhL25ld3MvanVhbmNoby1oZXJuYW5nb21lei1sZXNpb24tdG9yb250by1yYXB0b3JzL2J0cXdiMGZ3Zjl3M3R2Zmx0dTI4MHZ3M9IBAA?oc=5
23,sports,"LeBron James: ""No necesito ser un atleta extraordinario para ser efectivo"" - nbamaniacs",https://news.google.com/__i/rss/rd/articles/CBMibGh0dHBzOi8vd3d3Lm5iYW1hbmlhY3MuY29tL25vdGljaWFzL2xlYnJvbi1qYW1lcy1uby1uZWNlc2l0by1zZXItdW4tYXRsZXRhLWV4dHJhb3JkaW5hcmlvLXBhcmEtc2VyLWVmZWN0aXZvL9IBAA?oc=5
24,sports,Hawks y Nets han negociado por John Collins - nbamaniacs,https://news.google.com/__i/rss/rd/articles/CBMiU2h0dHBzOi8vd3d3Lm5iYW1hbmlhY3MuY29tL3J1bW9yZXMtbmJhL2hhd2tzLXktbmV0cy1oYW4tbmVnb2NpYWRvLXBvci1qb2huLWNvbGxpbnMv0gEA?oc=5
25,sports,"Al Horford sobre su renovación con los Celtics: ""Esta estabilidad es difícil de encontrar"" - nbamaniacs",https://news.google.com/__i/rss/rd/articles/CBMifGh0dHBzOi8vd3d3Lm5iYW1hbmlhY3MuY29tL25vdGljaWFzL2FsLWhvcmZvcmQtc29icmUtc3UtcmVub3ZhY2lvbi1jb24tbG9zLWNlbHRpY3MtZXN0YS1lc3RhYmlsaWRhZC1lcy1kaWZpY2lsLWRlLWVuY29udHJhci_SAQA?oc=5
26,sports,"Campazzo quiere jugar en el Real Madrid, pero no a cualquier precio - Bernabéu Digital",https://news.google.com/__i/rss/rd/articles/CBMidGh0dHBzOi8vd3d3LmJlcm5hYmV1ZGlnaXRhbC5jb20vYmFsb25jZXN0by9jYW1wYXp6by1xdWllcmUtanVnYXItZW4tZWwtcmVhbC1tYWRyaWQtcGVyby1uby1hLWN1YWxxdWllci1wcmVjaW8tMjkwNjM20gF2aHR0cHM6Ly9tLmJlcm5hYmV1ZGlnaXRhbC5jb20vYW1wL2JhbG9uY2VzdG8vY2FtcGF6em8tcXVpZXJlLWp1Z2FyLWVuLWVsLXJlYWwtbWFkcmlkLXBlcm8tbm8tYS1jdWFscXVpZXItcHJlY2lvLTI5MDYzNg?oc=5
27,sports,Gobert toca fondo - AS ,https://news.google.com/__i/rss/rd/articles/CBMiMmh0dHBzOi8vYXMuY29tL2JhbG9uY2VzdG8vbmJhL2dvYmVydC10b2NhLWZvbmRvLW4v0gFBaHR0cHM6Ly9hcy5jb20vYmFsb25jZXN0by9uYmEvZ29iZXJ0LXRvY2EtZm9uZG8tbi8_b3V0cHV0VHlwZT1hbXA?oc=5
28,sports,Devin Booker y Jayson Tatum nombrados jugadores del mes - nbamaniacs,https://news.google.com/__i/rss/rd/articles/CBMiXGh0dHBzOi8vd3d3Lm5iYW1hbmlhY3MuY29tL25vdGljaWFzL2RldmluLWJvb2tlci15LWpheXNvbi10YXR1bS1ub21icmFkb3MtanVnYWRvcmVzLWRlbC1tZXMv0gEA?oc=5
29,sports,Jimmy Butler regresará esta noche ante los Celtics - nbamaniacs,https://news.google.com/__i/rss/rd/articles/CBMiWmh0dHBzOi8vd3d3Lm5iYW1hbmlhY3MuY29tL3J1bW9yZXMtbmJhL2ppbW15LWJ1dGxlci1yZWdyZXNhcmEtZXN0YS1ub2NoZS1hbnRlLWxvcy1jZWx0aWNzL9IBAA?oc=5
30,sports,El descalabro gigante de Rafa Nadal a Ruud con un falso ‘smash’ que jamás esperó - AS ,https://news.google.com/__i/rss/rd/articles/CBMibWh0dHBzOi8vYXMuY29tL3RlbmlzL3ZpZGVvcy9lbC1kZXNjYWxhYnJvLWdpZ2FudGUtZGUtcmFmYS1uYWRhbC1hLXJ1dWQtY29uLXVuLWZhbHNvLXNtYXNoLXF1ZS1qYW1hcy1lc3Blcm8tdi_SAXxodHRwczovL2FzLmNvbS90ZW5pcy92aWRlb3MvZWwtZGVzY2FsYWJyby1naWdhbnRlLWRlLXJhZmEtbmFkYWwtYS1ydXVkLWNvbi11bi1mYWxzby1zbWFzaC1xdWUtamFtYXMtZXNwZXJvLXYvP291dHB1dFR5cGU9YW1w?oc=5
31,sports,Canadá Logra Su Primera Copa Davis - ATP Tour,https://news.google.com/__i/rss/rd/articles/CBMiTWh0dHBzOi8vd3d3LmF0cHRvdXIuY29tL2VzL25ld3MvY2FuYWRhLWF1c3RyYWxpYS1kYXZpcy1jdXAtZmluYWxzLTIwMjItc3VuZGF50gEA?oc=5
32,sports,Stakhovsky carga contra los tenistas serbios por un torneo en Rusia - AS ,https://news.google.com/__i/rss/rd/articles/CBMiZWh0dHBzOi8vYXMuY29tL3RlbmlzL21hc190ZW5pcy9zdGFraG92c2t5LWNhcmdhLWNvbnRyYS1sb3MtdGVuaXN0YXMtc2VyYmlvcy1wb3ItdW4tdG9ybmVvLWVuLXJ1c2lhLW4v0gF0aHR0cHM6Ly9hcy5jb20vdGVuaXMvbWFzX3RlbmlzL3N0YWtob3Zza3ktY2FyZ2EtY29udHJhLWxvcy10ZW5pc3Rhcy1zZXJiaW9zLXBvci11bi10b3JuZW8tZW4tcnVzaWEtbi8_b3V0cHV0VHlwZT1hbXA?oc=5
33,sports,"La respuesta de Rafa Nadal cuando le preguntan si se considera el mejor tenista de la historia: “No me lo planteo"" - Eurosport ES",https://news.google.com/__i/rss/rd/articles/CBMipQFodHRwczovL3d3dy5ldXJvc3BvcnQuZXMvdGVuaXMvbGEtcmVzcHVlc3RhLWRlLXJhZmEtbmFkYWwtY3VhbmRvLWxlLXByZWd1bnRhbi1zaS1zZS1jb25zaWRlcmEtZWwtbWVqb3ItdGVuaXN0YS1kZS1sYS1oaXN0b3JpYS1uby1tZS1sby1wbGFudGVvX3ZpZDE3ODMwNDYvdmlkZW8uc2h0bWzSAQA?oc=5
34,sports,El torneo internacional de tenis generó un impacto económico de siete millones - La Nueva España,https://news.google.com/__i/rss/rd/articles/CBMiW2h0dHBzOi8vd3d3LmxuZS5lcy9naWpvbi8yMDIyLzEyLzAxL3Rvcm5lby1pbnRlcm5hY2lvbmFsLXRlbmlzLWdlbmVyby1pbXBhY3RvLTc5Mzc1MDE3Lmh0bWzSAV9odHRwczovL3d3dy5sbmUuZXMvZ2lqb24vMjAyMi8xMi8wMS90b3JuZW8taW50ZXJuYWNpb25hbC10ZW5pcy1nZW5lcm8taW1wYWN0by03OTM3NTAxNy5hbXAuaHRtbA?oc=5
35,sports,Rafa Nadal podría empezar la carrera para ser el heredero de Florentino en 2024 - Defensa Central,https://news.google.com/__i/rss/rd/articles/CBMihAFodHRwczovL3d3dy5kZWZlbnNhY2VudHJhbC5jb20vbWFkcmlkaXNtby8xNjcwMDg1NTA5LXJhZmEtbmFkYWwtcG9kcmlhLWVtcGV6YXItbGEtY2FycmVyYS1wYXJhLXNlci1lbC1oZXJlZGVyby1kZS1mbG9yZW50aW5vLWVuLTIwMjTSAQA?oc=5
36,sports,El 'caso Verdasco' causa un clamor contra las exenciones médicas y el 'doping legal' - Marca,https://news.google.com/__i/rss/rd/articles/CBMiRGh0dHBzOi8vd3d3Lm1hcmNhLmNvbS90ZW5pcy8yMDIyLzEyLzAzLzYzOGI2YWMwZTI3MDRlMzc1YzhiNDYzNi5odG1s0gFEaHR0cHM6Ly9hbXAubWFyY2EuY29tL3RlbmlzLzIwMjIvMTIvMDMvNjM4YjZhYzBlMjcwNGUzNzVjOGI0NjM2Lmh0bWw?oc=5
37,sports,El mejor golpe de Rafa Nadal nunca visto: aún no se sabe qué hizo - La Razón,https://news.google.com/__i/rss/rd/articles/CBMiTmh0dHBzOi8vd3d3LmxhcmF6b24uZXMvZGVwb3J0ZXMvdGVuaXMvMjAyMjEyMDQvdjZ2Y2s0ZjJtYmR3YmRmaXNjdXE0d2xlMm0uaHRtbNIBXWh0dHBzOi8vd3d3LmxhcmF6b24uZXMvZGVwb3J0ZXMvdGVuaXMvMjAyMjEyMDQvdjZ2Y2s0ZjJtYmR3YmRmaXNjdXE0d2xlMm0uaHRtbD9vdXRwdXRUeXBlPWFtcA?oc=5
38,sports,"Kosmos responde a las críticas al formato de la nueva Copa Davis de Gerard Piqué: ""Ha llegado para quedarse"" - 20minutos.es",https://news.google.com/__i/rss/rd/articles/CBMingFodHRwczovL3d3dy4yMG1pbnV0b3MuZXMvZGVwb3J0ZXMvbm90aWNpYS81MDgwMDkxLzAva29zbW9zLXJlc3BvbmRlLWEtbGFzLWNyaXRpY2FzLWFsLWZvcm1hdG8tZGUtbGEtbnVldmEtY29wYS1kYXZpcy1kZS1nZXJhcmQtcGlxdWUtaGEtbGxlZ2Fkby1wYXJhLXF1ZWRhcnNlL9IBAA?oc=5
39,sports,Tenis. El agradecimiento de Nadal a Federer y Djokovic - La Razón,https://news.google.com/__i/rss/rd/articles/CBMiTmh0dHBzOi8vd3d3LmxhcmF6b24uZXMvZGVwb3J0ZXMvdGVuaXMvMjAyMjExMzAvdjRrZjRvbzdvNWVpZHBocnRwZzd3ZmdrMnEuaHRtbNIBXWh0dHBzOi8vd3d3LmxhcmF6b24uZXMvZGVwb3J0ZXMvdGVuaXMvMjAyMjExMzAvdjRrZjRvbzdvNWVpZHBocnRwZzd3ZmdrMnEuaHRtbD9vdXRwdXRUeXBlPWFtcA?oc=5
40,sports,Ferrero: “Trabajar con Zverev no fue fácil para mí” - AS ,https://news.google.com/__i/rss/rd/articles/CBMiXWh0dHBzOi8vYXMuY29tL3RlbmlzL21hc190ZW5pcy9mZXJyZXJvLXktY29tby1wdWVkZS1tZWpvcmFyLWFsY2FyYXotbmVjZXNpdGFtb3MtYS1kam9rb3ZpYy1uL9IBAA?oc=5
41,sports,"Gonzalo González, el lucense que soltó la raqueta con 27 años y vuelve a triunfar con 56 - La Voz de Galicia",https://news.google.com/__i/rss/rd/articles/CBMigwFodHRwczovL3d3dy5sYXZvemRlZ2FsaWNpYS5lcy9ub3RpY2lhL2RlcG9ydGVzLzIwMjIvMTEvMzAvbHVjZW5zZS1zb2x0by1yYXF1ZXRhLTI3LWFub3MtdnVlbHZlLXRyaXVuZmFyLTU2LzAwMDNfMjAyMjExTDMwUDQ1OTkxLmh0bdIBhwFodHRwczovL3d3dy5sYXZvemRlZ2FsaWNpYS5lcy9hbXAvbm90aWNpYS9kZXBvcnRlcy8yMDIyLzExLzMwL2x1Y2Vuc2Utc29sdG8tcmFxdWV0YS0yNy1hbm9zLXZ1ZWx2ZS10cml1bmZhci01Ni8wMDAzXzIwMjIxMUwzMFA0NTk5MS5odG0?oc=5
42,sports,"Djokovic, espectador de lujo en el Carpena - Málaga Hoy",https://news.google.com/__i/rss/rd/articles/CBMiVGh0dHBzOi8vd3d3Lm1hbGFnYWhveS5lcy9kZXBvcnRlcy9Eam9rb3ZpYy1lc3BlY3RhZG9yLWx1am8tQ2FycGVuYV8wXzE3NDI1MjY0OTEuaHRtbNIBWGh0dHBzOi8vd3d3Lm1hbGFnYWhveS5lcy9kZXBvcnRlcy9Eam9rb3ZpYy1lc3BlY3RhZG9yLWx1am8tQ2FycGVuYV8wXzE3NDI1MjY0OTEuYW1wLmh0bWw?oc=5
43,sports,Kyrgios cambió la Copa Davis por un torneo de seis cifras en Arabia - AS ,https://news.google.com/__i/rss/rd/articles/CBMiZWh0dHBzOi8vYXMuY29tL3RlbmlzL21hc190ZW5pcy9reXJnaW9zLWNhbWJpby1sYS1jb3BhLWRhdmlzLXBvci11bi10b3JuZW8tZGUtc2Vpcy1jaWZyYXMtZW4tYXJhYmlhLW4v0gF0aHR0cHM6Ly9hcy5jb20vdGVuaXMvbWFzX3RlbmlzL2t5cmdpb3MtY2FtYmlvLWxhLWNvcGEtZGF2aXMtcG9yLXVuLXRvcm5lby1kZS1zZWlzLWNpZnJhcy1lbi1hcmFiaWEtbi8_b3V0cHV0VHlwZT1hbXA?oc=5
44,sports,El olor caro de Nadal - Noticias de Gipuzkoa,https://news.google.com/__i/rss/rd/articles/CBMiTWh0dHBzOi8vd3d3Lm5vdGljaWFzZGVnaXB1emtvYS5ldXMvb24vMjAyMi8xMS8yOC9vbG9yLWNhcm8tbmFkYWwtNjI2NzA1NS5odG1s0gFRaHR0cHM6Ly93d3cubm90aWNpYXNkZWdpcHV6a29hLmV1cy9vbi8yMDIyLzExLzI4L29sb3ItY2Fyby1uYWRhbC02MjY3MDU1LmFtcC5odG1s?oc=5
45,sports,Verstappen se sube al carro de Alonso - MARCA.com,https://news.google.com/__i/rss/rd/articles/CBMiTWh0dHBzOi8vd3d3Lm1hcmNhLmNvbS9tb3Rvci9mb3JtdWxhMS8yMDIyLzEyLzA0LzYzOGJiODA2NDYxNjNmMDQwNThiNDVlOC5odG1s0gFNaHR0cHM6Ly9hbXAubWFyY2EuY29tL21vdG9yL2Zvcm11bGExLzIwMjIvMTIvMDQvNjM4YmI4MDY0NjE2M2YwNDA1OGI0NWU4Lmh0bWw?oc=5
46,sports,KTM recibe ayuda de la F1 - AS ,https://news.google.com/__i/rss/rd/articles/CBMiMWh0dHBzOi8vYXMuY29tL21vdG9yL2t0bS1yZWNpYmUtYXl1ZGEtZGUtbGEtZjEtbi_SAUBodHRwczovL2FzLmNvbS9tb3Rvci9rdG0tcmVjaWJlLWF5dWRhLWRlLWxhLWYxLW4vP291dHB1dFR5cGU9YW1w?oc=5
47,sports,"""Es el mismo Alonso que con Minardi hace 20 años"" - Marca",https://news.google.com/__i/rss/rd/articles/CBMiTWh0dHBzOi8vd3d3Lm1hcmNhLmNvbS9tb3Rvci9mb3JtdWxhMS8yMDIyLzEyLzAzLzYzOGEyNjNiMjI2MDFkNTM0ZjhiNDVmMy5odG1s0gFNaHR0cHM6Ly9hbXAubWFyY2EuY29tL21vdG9yL2Zvcm11bGExLzIwMjIvMTIvMDMvNjM4YTI2M2IyMjYwMWQ1MzRmOGI0NWYzLmh0bWw?oc=5
48,sports,Alpine comenzó 2022 “en ruinas” - AS ,https://news.google.com/__i/rss/rd/articles/CBMiP2h0dHBzOi8vYXMuY29tL21vdG9yL2Zvcm11bGFfMS9hbHBpbmUtY29tZW56by0yMDIyLWVuLXJ1aW5hcy1uL9IBAA?oc=5
49,sports,Steiner: “El motor Ferrari de 2023 va a ser una bomba” - Car and Driver ,https://news.google.com/__i/rss/rd/articles/CBMiWmh0dHBzOi8vd3d3LmNhcmFuZGRyaXZlci5jb20vZXMvZm9ybXVsYS0xL2E0MjE0MjY1My9zdGVpbmVyLW1vdG9yLWZlcnJhcmktMjAyMy1zZXJhLWJvbWJhL9IBAA?oc=5
50,sports,Audi crece para la F1 - AS ,https://news.google.com/__i/rss/rd/articles/CBMiN2h0dHBzOi8vYXMuY29tL21vdG9yL2Zvcm11bGFfMS9hdWRpLWNyZWNlLXBhcmEtbGEtZjEtbi_SAUZodHRwczovL2FzLmNvbS9tb3Rvci9mb3JtdWxhXzEvYXVkaS1jcmVjZS1wYXJhLWxhLWYxLW4vP291dHB1dFR5cGU9YW1w?oc=5
51,sports,"Horner: ""Max está muy por encima del resto en la Fórmula 1"" - Marca",https://news.google.com/__i/rss/rd/articles/CBMiTWh0dHBzOi8vd3d3Lm1hcmNhLmNvbS9tb3Rvci9mb3JtdWxhMS8yMDIyLzEyLzAzLzYzOGI0OTI4Y2E0NzQxODk3MThiNDVjMS5odG1s0gFNaHR0cHM6Ly9hbXAubWFyY2EuY29tL21vdG9yL2Zvcm11bGExLzIwMjIvMTIvMDMvNjM4YjQ5MjhjYTQ3NDE4OTcxOGI0NWMxLmh0bWw?oc=5
52,sports,Ferrari se enreda otra vez - AS ,https://news.google.com/__i/rss/rd/articles/CBMiPGh0dHBzOi8vYXMuY29tL21vdG9yL2Zvcm11bGFfMS9mZXJyYXJpLXNlLWVucmVkYS1vdHJhLXZlei1uL9IBAA?oc=5
53,sports,Marko no cree en Pérez para pelear el campeonato en 2023 - Car and Driver ,https://news.google.com/__i/rss/rd/articles/CBMiZGh0dHBzOi8vd3d3LmNhcmFuZGRyaXZlci5jb20vZXMvZm9ybXVsYS0xL2E0MjE0MjUyNS9tYXJrby1uby1jcmVlLXBlcmV6LXBhcmEtcGVsZWFyLWNhbXBlb25hdG8tMjAyMy_SAQA?oc=5
54,sports,"Álex Palou, confirmado como piloto reserva de McLaren en 2023 - Marca",https://news.google.com/__i/rss/rd/articles/CBMiTWh0dHBzOi8vd3d3Lm1hcmNhLmNvbS9tb3Rvci9mb3JtdWxhMS8yMDIyLzEyLzAxLzYzODhiZTA4MjY4ZTNlYmE1MjhiNDVjZC5odG1s0gFNaHR0cHM6Ly9hbXAubWFyY2EuY29tL21vdG9yL2Zvcm11bGExLzIwMjIvMTIvMDEvNjM4OGJlMDgyNjhlM2ViYTUyOGI0NWNkLmh0bWw?oc=5
55,sports,Domenicali: “Fernando Alonso está supermotivado” - AS ,https://news.google.com/__i/rss/rd/articles/CBMiRWh0dHBzOi8vYXMuY29tL21vdG9yL2RvbWVuaWNhbGktZmVybmFuZG8tYWxvbnNvLWVzdGEtc3VwZXJtb3RpdmFkby1uL9IBVGh0dHBzOi8vYXMuY29tL21vdG9yL2RvbWVuaWNhbGktZmVybmFuZG8tYWxvbnNvLWVzdGEtc3VwZXJtb3RpdmFkby1uLz9vdXRwdXRUeXBlPWFtcA?oc=5
56,sports,Leclerc explica por qué sus duelos con Max son más limpios - Car and Driver ,https://news.google.com/__i/rss/rd/articles/CBMibmh0dHBzOi8vd3d3LmNhcmFuZGRyaXZlci5jb20vZXMvZm9ybXVsYS0xL2E0MjEzOTY3Mi9sZWNsZXJjLWV4cGxpY2EtcG9yLXF1ZS1kdWVsb3MtdmVyc3RhcHBlbi1zb24tbWFzLWxpbXBpb3Mv0gEA?oc=5
57,sports,El 'efecto Alonso' transforma a Aston Martin - Marca,https://news.google.com/__i/rss/rd/articles/CBMiTWh0dHBzOi8vd3d3Lm1hcmNhLmNvbS9tb3Rvci9mb3JtdWxhMS8yMDIyLzExLzI5LzYzODVkOTg0ZTI3MDRlMmUxODhiNDU3NS5odG1s0gFNaHR0cHM6Ly9hbXAubWFyY2EuY29tL21vdG9yL2Zvcm11bGExLzIwMjIvMTEvMjkvNjM4NWQ5ODRlMjcwNGUyZTE4OGI0NTc1Lmh0bWw?oc=5
58,sports,De jefe de estrategia de Mercedes en F1 a piloto de resistencia - Motorsport.com - ES,https://news.google.com/__i/rss/rd/articles/CBMiV2h0dHBzOi8vZXMubW90b3JzcG9ydC5jb20vZjEvbmV3cy9qZWZlLWVzdHJhdGVnaWEtbWVyY2VkZXMtcGlsb3RvLXJlc2lzdGVuY2lhLzEwNDA3MzQzL9IBAA?oc=5
59,sports,Ferrari aclara las teorías sobre su degradación en la F1 2022 - Motorsport.com - ES,https://news.google.com/__i/rss/rd/articles/CBMiWGh0dHBzOi8vZXMubW90b3JzcG9ydC5jb20vZjEvbmV3cy9mZXJyYXJpLWRlZ3JhZGFjaW9uLW5ldW1hdGljb3MtZm9ybXVsYTEtMjAyMi8xMDQwNzE1MC_SAQA?oc=5
60,health,UNAM se suma a la lucha contra el SIDA con iluminación roja de la Rectoría y Biblioteca Central - ContraRéplica,https://news.google.com/__i/rss/rd/articles/CBMiiwFodHRwczovL3d3dy5jb250cmFyZXBsaWNhLm14L25vdGEtVU5BTS1zZS1zdW1hLWEtbGEtbHVjaGEtY29udHJhLWVsLVNJREEtY29uLWlsdW1pbmFjaW9uLXJvamEtZGUtbGEtUmVjdG9yaWEteS1CaWJsaW90ZWNhLUNlbnRyYWwtLTIwMjIyMTI30gGPAWh0dHBzOi8vd3d3LmNvbnRyYXJlcGxpY2EubXgvYW1wL25vdGEtVU5BTS1zZS1zdW1hLWEtbGEtbHVjaGEtY29udHJhLWVsLVNJREEtY29uLWlsdW1pbmFjaW9uLXJvamEtZGUtbGEtUmVjdG9yaWEteS1CaWJsaW90ZWNhLUNlbnRyYWwtLTIwMjIyMTI3?oc=5
61,health,Europa recomienda retirar los fármacos con folcodina para tos - Redacción Médica,https://news.google.com/__i/rss/rd/articles/CBMifmh0dHBzOi8vd3d3LnJlZGFjY2lvbm1lZGljYS5jb20vc2VjY2lvbmVzL2luZHVzdHJpYS9ldXJvcGEtcmVjb21pZW5kYS1yZXRpcmFyLWxvcy1mYXJtYWNvcy1jb24tZm9sY29kaW5hLXBhcmEtbGEtdG9zLXNlY2EtNjY4M9IBfmh0dHBzOi8vYW1wLnJlZGFjY2lvbm1lZGljYS5jb20vc2VjY2lvbmVzL2luZHVzdHJpYS9ldXJvcGEtcmVjb21pZW5kYS1yZXRpcmFyLWxvcy1mYXJtYWNvcy1jb24tZm9sY29kaW5hLXBhcmEtbGEtdG9zLXNlY2EtNjY4Mw?oc=5
62,health,"Covid, gripe, resfriado o bronquiolitis: síntomas y cómo diferenciarlos - Onda Cero",https://news.google.com/__i/rss/rd/articles/CBMikAFodHRwczovL3d3dy5vbmRhY2Vyby5lcy9ub3RpY2lhcy9zb2NpZWRhZC9jb3ZpZC1ncmlwZS1yZXNmcmlhZG8tYnJvbnF1aW9saXRpcy1zaW50b21hcy1jb21vLWRpZmVyZW5jaWFybG9zXzIwMjIxMjA0NjM4YzNmOGNhZDhiYzEwMDAxYzQ2YjVjLmh0bWzSAZABaHR0cHM6Ly9hbXAub25kYWNlcm8uZXMvbm90aWNpYXMvc29jaWVkYWQvY292aWQtZ3JpcGUtcmVzZnJpYWRvLWJyb25xdWlvbGl0aXMtc2ludG9tYXMtY29tby1kaWZlcmVuY2lhcmxvc18yMDIyMTIwNDYzOGMzZjhjYWQ4YmMxMDAwMWM0NmI1Yy5odG1s?oc=5
63,health,Los seis síntomas que pueden alertar de un común tipo de cáncer - 20minutos.es,https://news.google.com/__i/rss/rd/articles/CBMiUWh0dHBzOi8vd3d3LjIwbWludXRvcy5lcy9zYWx1ZC9zaW50b21hcy1wdWVkZW4tYWxlcnRhci1jb211bi10aXBvLWNhbmNlci01MDgyMDUyL9IBAA?oc=5
64,health,Conoce algunos de los remedios que ayudan a tratar enfermedades respiratorias como la bronquiolitis - Antena 3 Noticias,https://news.google.com/__i/rss/rd/articles/CBMipAFodHRwczovL3d3dy5hbnRlbmEzLmNvbS9ub3RpY2lhcy9zYWx1ZC9jb25vY2UtYWxndW5vcy1yZW1lZGlvcy1xdWUtYXl1ZGFuLXRyYXRhci1lbmZlcm1lZGFkZXMtcmVzcGlyYXRvcmlhcy1jb21vLWJyb25xdWlvbGl0aXNfMjAyMjEyMDQ2MzhjOWZkYjFlZWQ1YTAwMDE0ZmE0ZTYuaHRtbNIBpAFodHRwczovL2FtcC5hbnRlbmEzLmNvbS9ub3RpY2lhcy9zYWx1ZC9jb25vY2UtYWxndW5vcy1yZW1lZGlvcy1xdWUtYXl1ZGFuLXRyYXRhci1lbmZlcm1lZGFkZXMtcmVzcGlyYXRvcmlhcy1jb21vLWJyb25xdWlvbGl0aXNfMjAyMjEyMDQ2MzhjOWZkYjFlZWQ1YTAwMDE0ZmE0ZTYuaHRtbA?oc=5
65,health,Cuatro décadas de VIH: el virus ya no mata pero todavía permanece el estigma - laSexta,https://news.google.com/__i/rss/rd/articles/CBMijAFodHRwczovL3d3dy5sYXNleHRhLmNvbS9ub3RpY2lhcy9zb2NpZWRhZC9jdWF0cm8tZGVjYWRhcy12aWgtdmlydXMtbWF0YS1wZXJvLXRvZGF2aWEtcGVybWFuZWNlLWVzdGlnbWFfMjAyMjEyMDQ2MzhjYWJkOTE1OGJmMjAwMDExMTdmZGIuaHRtbNIBjAFodHRwczovL2FtcC5sYXNleHRhLmNvbS9ub3RpY2lhcy9zb2NpZWRhZC9jdWF0cm8tZGVjYWRhcy12aWgtdmlydXMtbWF0YS1wZXJvLXRvZGF2aWEtcGVybWFuZWNlLWVzdGlnbWFfMjAyMjEyMDQ2MzhjYWJkOTE1OGJmMjAwMDExMTdmZGIuaHRtbA?oc=5
66,health,"Estas actividades rejuvenecen tu cerebro 13 años de media, según la ciencia - Business Insider España",https://news.google.com/__i/rss/rd/articles/CBMiYmh0dHBzOi8vd3d3LmJ1c2luZXNzaW5zaWRlci5lcy9lc3Rhcy1hY3RpdmlkYWRlcy1yZWp1dmVuZWNlbi1jZXJlYnJvLTEzLWFub3MtbWVkaWEtY2llbmNpYS0xMDk5NzIx0gEA?oc=5
67,health,Los sorprendentes beneficios para la salud de caminar hacia atrás - Periodismo.com,https://news.google.com/__i/rss/rd/articles/CBMiYmh0dHBzOi8vd3d3LnBlcmlvZGlzbW8uY29tL2xpbmsvbG9zLXNvcnByZW5kZW50ZXMtYmVuZWZpY2lvcy1wYXJhLWxhLXNhbHVkLWRlLWNhbWluYXItaGFjaWEtYXRyYXMv0gEA?oc=5
68,health,Los antidepresivos pueden no mejorar la calidad de vida a largo plazo - MUNDO DEPORTIVO,https://news.google.com/__i/rss/rd/articles/CBMidWh0dHBzOi8vd3d3Lm11bmRvZGVwb3J0aXZvLmNvbS92aWRhZS9zYWx1ZC8yMDIyMTIwNC8xMDAxOTAyNDg3L2FudGlkZXByZXNpdm9zLW1lam9yYXItY2FsaWRhZC12aWRhLXBsYXpvLWFjdC1wYXUuaHRtbNIBf2h0dHBzOi8vd3d3Lm11bmRvZGVwb3J0aXZvLmNvbS92aWRhZS9zYWx1ZC8yMDIyMTIwNC8xMDAxOTAyNDg3L2FudGlkZXByZXNpdm9zLW1lam9yYXItY2FsaWRhZC12aWRhLXBsYXpvLWFjdC1wYXUuaHRtbD9mYWNldD1hbXA?oc=5
69,health,¿La bronquiolitis puede dejar secuelas en la salud infantil? - Ser Padres,https://news.google.com/__i/rss/rd/articles/CBMiKWh0dHBzOi8vd3d3LnNlcnBhZHJlcy5lcy9zYWx1ZC80MzQ3OS5odG1s0gEtaHR0cHM6Ly93d3cuc2VycGFkcmVzLmVzL3NhbHVkLzQzNDc5X2FtcC5odG1s?oc=5
70,health,15 recetas con nueces para aprovechar todos los beneficios de este fruto seco de temporada - Vitónica,https://news.google.com/__i/rss/rd/articles/CBMieGh0dHBzOi8vd3d3LnZpdG9uaWNhLmNvbS9yZWNldGFzLXNhbHVkYWJsZXMvMTUtcmVjZXRhcy1udWVjZXMtcGFyYS1hcHJvdmVjaGFyLXRvZG9zLWJlbmVmaWNpb3MtZXN0ZS1mcnV0by1zZWNvLXRlbXBvcmFkYdIBfGh0dHBzOi8vd3d3LnZpdG9uaWNhLmNvbS9yZWNldGFzLXNhbHVkYWJsZXMvMTUtcmVjZXRhcy1udWVjZXMtcGFyYS1hcHJvdmVjaGFyLXRvZG9zLWJlbmVmaWNpb3MtZXN0ZS1mcnV0by1zZWNvLXRlbXBvcmFkYS9hbXA?oc=5
71,health,¿Es cierto que comer rápido hace que engordemos más? - Deia,https://news.google.com/__i/rss/rd/articles/CBMiSmh0dHBzOi8vd3d3LmRlaWEuZXVzL3NhbHVkLzIwMjIvMTIvMDQvY29tZXItcmFwaWRvLWVuZ29yZGVtb3MtNjI3OTUwMy5odG1s0gFOaHR0cHM6Ly93d3cuZGVpYS5ldXMvc2FsdWQvMjAyMi8xMi8wNC9jb21lci1yYXBpZG8tZW5nb3JkZW1vcy02Mjc5NTAzLmFtcC5odG1s?oc=5
72,health,Coosalud EPS conmemora el Día Mundial de la Lucha Contra el Sida - Caracol Radio,https://news.google.com/__i/rss/rd/articles/CBMiY2h0dHBzOi8vY2FyYWNvbC5jb20uY28vMjAyMi8xMi8wMi9jb29zYWx1ZC1lcHMtY29ubWVtb3JhLWVsLWRpYS1tdW5kaWFsLWRlLWxhLWx1Y2hhLWNvbnRyYS1lbC1zaWRhL9IBdmh0dHBzOi8vY2FyYWNvbC5jb20uY28vYW1wLzIwMjIvMTIvMDIvY29vc2FsdWQtZXBzLWNvbm1lbW9yYS1lbC1kaWEtbXVuZGlhbC1kZS1sYS1sdWNoYS1jb250cmEtZWwtc2lkYS8_b3V0cHV0VHlwZT1hbXA?oc=5
73,health,"Maite Garolera: «Las alteraciones cognitivas provocadas por la COVID-19 son leves, pero su repercusión social y económica es muy importante» - La Voz de Medina Digital",https://news.google.com/__i/rss/rd/articles/CBMiwAFodHRwczovL3d3dy5sYXZvemRlbWVkaW5hZGlnaXRhbC5jb20vd29yZHByZXNzLzIwMjIvMTIvbWFpdGUtZ2Fyb2xlcmEtbGFzLWFsdGVyYWNpb25lcy1jb2duaXRpdmFzLXByb3ZvY2FkYXMtcG9yLWxhLWNvdmlkLTE5LXNvbi1sZXZlcy1wZXJvLXN1LXJlcGVyY3VzaW9uLXNvY2lhbC15LWVjb25vbWljYS1lcy1tdXktaW1wb3J0YW50ZS_SAQA?oc=5
74,health,Todo lo que puede ir mal en el espacio: Peligros de la exploración espacial - La Razón,https://news.google.com/__i/rss/rd/articles/CBMiR2h0dHBzOi8vd3d3LmxhcmF6b24uZXMvY2llbmNpYS8yMDIyMTIwNC9yems1YXcyZWFmZWRkanN4cWh0M3FrcGNmZS5odG1s0gEA?oc=5
75,health,MBST® Resonancia Terapéutica: Nuevas alternativas para el tratamiento de la osteoporosis y la artrosis - La Razón,https://news.google.com/__i/rss/rd/articles/CBMiSmh0dHBzOi8vd3d3LmxhcmF6b24uZXMvbHItY29udGVudC8yMDIyMTIwNC9uNno1cno2YmlqZWNoZ2FyenNvbGlteGhscS5odG1s0gFZaHR0cHM6Ly93d3cubGFyYXpvbi5lcy9sci1jb250ZW50LzIwMjIxMjA0L242ejVyejZiaWplY2hnYXJ6c29saW14aGxxLmh0bWw_b3V0cHV0VHlwZT1hbXA?oc=5
76,health,Qué medicamentos tomar y cuáles no si tengo la gripe - Onda Cero,https://news.google.com/__i/rss/rd/articles/CBMif2h0dHBzOi8vd3d3Lm9uZGFjZXJvLmVzL25vdGljaWFzL3NvY2llZGFkL3F1ZS1tZWRpY2FtZW50b3MtcHVlZG8tdG9tYXItY3VhbGVzLXRlbmdvLWdyaXBlXzIwMjIxMjA0NjM4Yzc3OWQxZWVkNWEwMDAxNGY4ODRjLmh0bWzSAX9odHRwczovL2FtcC5vbmRhY2Vyby5lcy9ub3RpY2lhcy9zb2NpZWRhZC9xdWUtbWVkaWNhbWVudG9zLXB1ZWRvLXRvbWFyLWN1YWxlcy10ZW5nby1ncmlwZV8yMDIyMTIwNDYzOGM3NzlkMWVlZDVhMDAwMTRmODg0Yy5odG1s?oc=5
77,health,VIATRIS: “El 40% de las personas con VIH en el mundo usa un tratamiento nuestro” - La Razón,https://news.google.com/__i/rss/rd/articles/CBMiSmh0dHBzOi8vd3d3LmxhcmF6b24uZXMvbHItY29udGVudC8yMDIyMTIwNC9wczZzNWZsd3d6aGxmbXd2aDY1dzdmbW10ZS5odG1s0gFZaHR0cHM6Ly93d3cubGFyYXpvbi5lcy9sci1jb250ZW50LzIwMjIxMjA0L3BzNnM1Zmx3d3pobGZtd3ZoNjV3N2ZtbXRlLmh0bWw_b3V0cHV0VHlwZT1hbXA?oc=5
78,health,Motivos por los que deberías dejar de tomar café - Qué!,https://news.google.com/__i/rss/rd/articles/CBMiN2h0dHBzOi8vd3d3LnF1ZS5lcy8yMDIyLzEyLzA0L21vdGl2b3MtZGVqYXItdG9tYXItY2FmZS_SAQA?oc=5
79,health,La bronquilotis. Preguntas y respuestas sobre la enfermedad que se extiende entre los niños de Castilla y León - Diario de Castilla y León,https://news.google.com/__i/rss/rd/articles/CBMiqQFodHRwczovL2RpYXJpb2RlY2FzdGlsbGF5bGVvbi5lbG11bmRvLmVzL2FydGljdWxvL2Nhc3RpbGxhLXktbGVvbi9icm9ucXVpbG90aXMtcHJlZ3VudGFzLXJlc3B1ZXN0YXMtZW5mZXJtZWRhZC1xdWUtZXh0aWVuZGUtbmlub3MtY2FzdGlsbGEtbGVvbi8yMDIyMTIwNDEzMDAyODA2MDIwNi5odG1s0gGtAWh0dHBzOi8vZGlhcmlvZGVjYXN0aWxsYXlsZW9uLmVsbXVuZG8uZXMvYXJ0aWN1bG8vY2FzdGlsbGEteS1sZW9uL2Jyb25xdWlsb3Rpcy1wcmVndW50YXMtcmVzcHVlc3Rhcy1lbmZlcm1lZGFkLXF1ZS1leHRpZW5kZS1uaW5vcy1jYXN0aWxsYS1sZW9uLzIwMjIxMjA0MTMwMDI4MDYwMjA2LmFtcC5odG1s?oc=5
80,health,Vicente Roig: «Hemos implantado un protocolo en el Hospital Vinalopó para evitar al máximo la infección quirúrgica» - INFORMACIÓN,https://news.google.com/__i/rss/rd/articles/CBMiYWh0dHBzOi8vd3d3LmluZm9ybWFjaW9uLmVzL2VsY2hlLzIwMjIvMTIvMDQvdmljZW50ZS1yb2lnLWhlbW9zLWltcGxhbnRhZG8tcHJvdG9jb2xvLTc5NDk0OTkyLmh0bWzSAWVodHRwczovL3d3dy5pbmZvcm1hY2lvbi5lcy9lbGNoZS8yMDIyLzEyLzA0L3ZpY2VudGUtcm9pZy1oZW1vcy1pbXBsYW50YWRvLXByb3RvY29sby03OTQ5NDk5Mi5hbXAuaHRtbA?oc=5
81,health,Alimentos para fortalecer las defensas con la llegada del frío - Okdiario,https://news.google.com/__i/rss/rd/articles/CBMiUmh0dHBzOi8vb2tkaWFyaW8uY29tL3NhbHVkL2FsaW1lbnRvcy1mb3J0YWxlY2VyLWRlZmVuc2FzLWxsZWdhZGEtZGVsLWZyaW8tMTAwNzEzODfSAVZodHRwczovL29rZGlhcmlvLmNvbS9zYWx1ZC9hbGltZW50b3MtZm9ydGFsZWNlci1kZWZlbnNhcy1sbGVnYWRhLWRlbC1mcmlvLTEwMDcxMzg3L2FtcA?oc=5
82,health,Los diagnósticos ocultos lastran la eliminación del VIH - La Razón,https://news.google.com/__i/rss/rd/articles/CBMiRWh0dHBzOi8vd3d3LmxhcmF6b24uZXMvc2FsdWQvMjAyMjEyMDQvb2drZWZqa2d1emd2bnBoZmZtMzc1eGRhaWUuaHRtbNIBVGh0dHBzOi8vd3d3LmxhcmF6b24uZXMvc2FsdWQvMjAyMjEyMDQvb2drZWZqa2d1emd2bnBoZmZtMzc1eGRhaWUuaHRtbD9vdXRwdXRUeXBlPWFtcA?oc=5
83,health,BRONQUIOLITIS | Los pediatras aún no respiran - Faro de Vigo,https://news.google.com/__i/rss/rd/articles/CBMiTmh0dHBzOi8vd3d3LmZhcm9kZXZpZ28uZXMvc29jaWVkYWQvMjAyMi8xMi8wNC9wZWRpYXRyYXMtcmVzcGlyYW4tNzk1MjUxMDEuaHRtbNIBAA?oc=5
84,health,“No se puede condenar a un paciente a pasar dolor por el hecho de ser mayor” - Diario de Cádiz,https://news.google.com/__i/rss/rd/articles/CBMiWGh0dHBzOi8vd3d3LmRpYXJpb2RlY2FkaXouZXMvY2FkaXovcHVlZGUtY29uZGVuYXItcGFjaWVudGUtcGFzYXItZG9sb3JfMF8xNzQzNDI3NzE4Lmh0bWzSAVxodHRwczovL3d3dy5kaWFyaW9kZWNhZGl6LmVzL2NhZGl6L3B1ZWRlLWNvbmRlbmFyLXBhY2llbnRlLXBhc2FyLWRvbG9yXzBfMTc0MzQyNzcxOC5hbXAuaHRtbA?oc=5
85,health,Qué es la degeneración macular: la enfermedad que destruye lentamente la visión - El Debate,https://news.google.com/__i/rss/rd/articles/CBMigwFodHRwczovL3d3dy5lbGRlYmF0ZS5jb20vc2FsdWQteS1iaWVuZXN0YXIvc2FsdWQvMjAyMjEyMDQvcXVlLWRlZ2VuZXJhY2lvbi1tYWN1bGFyLWVuZmVybWVkYWQtZGVzdHJ1eWUtbGVudGFtZW50ZS12aXNpb25fNzI1NjUuaHRtbNIBhwFodHRwczovL3d3dy5lbGRlYmF0ZS5jb20vc2FsdWQteS1iaWVuZXN0YXIvc2FsdWQvMjAyMjEyMDQvcXVlLWRlZ2VuZXJhY2lvbi1tYWN1bGFyLWVuZmVybWVkYWQtZGVzdHJ1eWUtbGVudGFtZW50ZS12aXNpb25fNzI1NjVfYW1wLmh0bWw?oc=5
86,health,Sexualidad sana tras el parto - Diario de Ávila,https://news.google.com/__i/rss/rd/articles/CBMibmh0dHBzOi8vd3d3LmRpYXJpb2RlYXZpbGEuZXMvTm90aWNpYS9aM0UwOEEzMDktQkE1Mi1DOEM0LTA2MTQyNkU0RjBEODNCMTEvMjAyMjEyL1NleHVhbGlkYWQtc2FuYS10cmFzLWVsLXBhcnRv0gFyaHR0cHM6Ly93d3cuZGlhcmlvZGVhdmlsYS5lcy9hbXAvbm90aWNpYS96M2UwOGEzMDktYmE1Mi1jOGM0LTA2MTQyNmU0ZjBkODNiMTEvMjAyMjEyL3NleHVhbGlkYWQtc2FuYS10cmFzLWVsLXBhcnRv?oc=5
87,health,La marihuana no te hace ser más creativo - Alimente,https://news.google.com/__i/rss/rd/articles/CBMicWh0dHBzOi8vd3d3LmFsaW1lbnRlLmVsY29uZmlkZW5jaWFsLmNvbS9iaWVuZXN0YXIvMjAyMi0xMi0wNC9tYXJpaHVhbmEtY2FubmFiaXMtZHJvZ2FzLWNyZWF0aXZpZGFkLW1pdG9zXzM1MjYyMjkv0gEA?oc=5
88,health,"Las mascarillas quirúrgicas no son inferiores a las FFP2, según un estudio - El Debate",https://news.google.com/__i/rss/rd/articles/CBMigQFodHRwczovL3d3dy5lbGRlYmF0ZS5jb20vc2FsdWQteS1iaWVuZXN0YXIvc2FsdWQvMjAyMjEyMDQvbWFzY2FyaWxsYXMtcXVpcnVyZ2ljYXMtbm8tc29uLWluZmVyaW9yZXMtZmZwMi1zZWd1bi1lc3R1ZGlvXzc2NzI2Lmh0bWzSAYUBaHR0cHM6Ly93d3cuZWxkZWJhdGUuY29tL3NhbHVkLXktYmllbmVzdGFyL3NhbHVkLzIwMjIxMjA0L21hc2NhcmlsbGFzLXF1aXJ1cmdpY2FzLW5vLXNvbi1pbmZlcmlvcmVzLWZmcDItc2VndW4tZXN0dWRpb183NjcyNl9hbXAuaHRtbA?oc=5
89,health,Seis niños mueren en el Reino Unido por un brote de la bacteria “Strep A” - TRT Español,https://news.google.com/__i/rss/rd/articles/CBMihgFodHRwczovL3d3dy50cnQubmV0LnRyL2VzcGFub2wvdmlkYS15LXNhbHVkLzIwMjIvMTIvMDQvc2Vpcy1uaW5vcy1tdWVyZW4tZW4tZWwtcmVpbm8tdW5pZG8tcG9yLXVuLWJyb3RlLWRlLWxhLWJhY3RlcmlhLXN0cmVwLWEtMTkxNDMzN9IBAA?oc=5
90,health,Vivir con síndrome de Marfan: “Llevamos una mochila cargada de pérdidas familiares” - Newtral,https://news.google.com/__i/rss/rd/articles/CBMiM2h0dHBzOi8vd3d3Lm5ld3RyYWwuZXMvc2luZHJvbWUtZGUtbWFyZmFuLzIwMjIxMjAzL9IBAA?oc=5
91,health,"Bill Hansson, experto en olfato: “No compres feromonas para intentar conseguir sexo, no funciona. Mejor trabaja en tu personalidad” - EL PAÍS",https://news.google.com/__i/rss/rd/articles/CBMiqAFodHRwczovL2VscGFpcy5jb20vY2llbmNpYS8yMDIyLTEyLTAzL2JpbGwtaGFuc3Nvbi1leHBlcnRvLWVuLW9sZmF0by1uby1jb21wcmVzLWZlcm9tb25hcy1wYXJhLWludGVudGFyLWNvbnNlZ3Vpci1zZXhvLW5vLWZ1bmNpb25hLW1lam9yLXRyYWJhamEtZW4tdHUtcGVyc29uYWxpZGFkLmh0bWzSAbcBaHR0cHM6Ly9lbHBhaXMuY29tL2NpZW5jaWEvMjAyMi0xMi0wMy9iaWxsLWhhbnNzb24tZXhwZXJ0by1lbi1vbGZhdG8tbm8tY29tcHJlcy1mZXJvbW9uYXMtcGFyYS1pbnRlbnRhci1jb25zZWd1aXItc2V4by1uby1mdW5jaW9uYS1tZWpvci10cmFiYWphLWVuLXR1LXBlcnNvbmFsaWRhZC5odG1sP291dHB1dFR5cGU9YW1w?oc=5
92,health,Los 5 alimentos populares en España relacionados con el alzhéimer: la alerta de una médica de Harvard - EL ESPAÑOL,https://news.google.com/__i/rss/rd/articles/CBMihgFodHRwczovL3d3dy5lbGVzcGFub2wuY29tL2NpZW5jaWEvbnV0cmljaW9uLzIwMjIxMjA0L2FsaW1lbnRvcy1wb3B1bGFyZXMtZXNwYW5hLXJlbGFjaW9uYWRvcy1hbHpoZWltZXItYWxlcnRhLWhhcnZhcmQvNzIyNjc3OTUzXzAuaHRtbNIBigFodHRwczovL3d3dy5lbGVzcGFub2wuY29tL2NpZW5jaWEvbnV0cmljaW9uLzIwMjIxMjA0L2FsaW1lbnRvcy1wb3B1bGFyZXMtZXNwYW5hLXJlbGFjaW9uYWRvcy1hbHpoZWltZXItYWxlcnRhLWhhcnZhcmQvNzIyNjc3OTUzXzAuYW1wLmh0bWw?oc=5
93,health,Mª Carmen Ruiz Cantero: “El dolor es una patología muy incapacitante” - El Periódico,https://news.google.com/__i/rss/rd/articles/CBMiZGh0dHBzOi8vd3d3LmVscGVyaW9kaWNvLmNvbS9lcy9zb2NpZWRhZC8yMDIyMTIwMi9ydWl6LWNhbnRlcm8tZG9sb3ItcGF0b2xvZ2lhLWluY2FwYWNpdGFudGUtNzkzODc0NjjSAWRodHRwczovL2FtcC5lbHBlcmlvZGljby5jb20vZXMvc29jaWVkYWQvMjAyMjEyMDIvcnVpei1jYW50ZXJvLWRvbG9yLXBhdG9sb2dpYS1pbmNhcGFjaXRhbnRlLTc5Mzg3NDY4?oc=5
94,health,¿Qué trastorno se esconde detrás de morderse las uñas? - EL ESPAÑOL,https://news.google.com/__i/rss/rd/articles/CBMiW2h0dHBzOi8vd3d3LmVsZXNwYW5vbC5jb20vbXVqZXIvMjAyMjEyMDQvdHJhc3Rvcm5vLWVzY29uZGUtZGV0cmFzLW1vcmRlcnNlLzcyMjQyNzgzMF8wLmh0bWzSAV9odHRwczovL3d3dy5lbGVzcGFub2wuY29tL211amVyLzIwMjIxMjA0L3RyYXN0b3Juby1lc2NvbmRlLWRldHJhcy1tb3JkZXJzZS83MjI0Mjc4MzBfMC5hbXAuaHRtbA?oc=5
95,health,Cuatro alimentos con fama de saludables que están debilitando tu sistema inmune - EL ESPAÑOL,https://news.google.com/__i/rss/rd/articles/CBMiemh0dHBzOi8vd3d3LmVsZXNwYW5vbC5jb20vY2llbmNpYS9udXRyaWNpb24vMjAyMjEyMDQvYWxpbWVudG9zLWZhbWEtc2FsdWRhYmxlcy1kZWJpbGl0YW5kby1zaXN0ZW1hLWlubXVuZS83MjI5MjgwNjhfMC5odG1s0gF-aHR0cHM6Ly93d3cuZWxlc3Bhbm9sLmNvbS9jaWVuY2lhL251dHJpY2lvbi8yMDIyMTIwNC9hbGltZW50b3MtZmFtYS1zYWx1ZGFibGVzLWRlYmlsaXRhbmRvLXNpc3RlbWEtaW5tdW5lLzcyMjkyODA2OF8wLmFtcC5odG1s?oc=5
96,health,"Hallan virus ""zombie"" que estuvo 48 mil 500 años congelado en Siberia - MSN",https://news.google.com/__i/rss/rd/articles/CBMiiAFodHRwczovL3d3dy5tc24uY29tL2VzLW14L25vdGljaWFzL211bmRvL2hhbGxhbi12aXJ1cy16b21iaWUtcXVlLWVzdHV2by00OC1taWwtNTAwLWElQzMlQjFvcy1jb25nZWxhZG8tZW4tc2liZXJpYS9hci1BQTE0UldRUT9saT1BQWdnWEJO0gEA?oc=5
97,health,"""Tenemos una epidemia de cáncer y corremos el riesgo de perder avances extraordinarios"" - El Independiente",https://news.google.com/__i/rss/rd/articles/CBMikAFodHRwczovL3d3dy5lbGluZGVwZW5kaWVudGUuY29tL3ZpZGEtc2FuYS9zYWx1ZC8yMDIyLzEyLzA0L3RlbmVtb3MtdW4tZXBpZGVtaWEtZGUtY2FuY2VyLXktY29ycmVtb3MtZWwtcmllc2dvLWRlLXBlcmRlci1hdmFuY2VzLWV4dHJhb3JkaW5hcmlvcy_SAQA?oc=5
98,health,"Falta de tratamiento contra VIH, uno de los principales motivos de defunciones - NotiPress",https://news.google.com/__i/rss/rd/articles/CBMiVWh0dHBzOi8vbm90aXByZXNzLm14L3ZpZGEvZmFsdGEtdHJhdGFtaWVudG8tdmloLXByaW5jaXBhbGVzLW1vdGl2b3MtZGVmdW5jaW9uZXMtMTMxMTfSAVlodHRwczovL25vdGlwcmVzcy5teC92aWRhL2ZhbHRhLXRyYXRhbWllbnRvLXZpaC1wcmluY2lwYWxlcy1tb3Rpdm9zLWRlZnVuY2lvbmVzL2FtcC8xMzExNw?oc=5
99,health,Recoletas refuerza el diagnóstico oncológico con un PET-TC - El Día de Valladolid,https://news.google.com/__i/rss/rd/articles/CBMikAFodHRwczovL3d3dy5lbGRpYWRldmFsbGFkb2xpZC5jb20vTm90aWNpYS9aODM5NjVBNTEtMDU3NS1COUI4LUM3NTI1ODBGOTNDNThDNkIvMjAyMjEyL1JlY29sZXRhcy1yZWZ1ZXJ6YS1lbC1kaWFnbm9zdGljby1vbmNvbG9naWNvLWNvbi11bi1QRVQtVEPSAZQBaHR0cHM6Ly93d3cuZWxkaWFkZXZhbGxhZG9saWQuY29tL2FtcC9ub3RpY2lhL3o4Mzk2NWE1MS0wNTc1LWI5YjgtYzc1MjU4MGY5M2M1OGM2Yi8yMDIyMTIvcmVjb2xldGFzLXJlZnVlcnphLWVsLWRpYWdub3N0aWNvLW9uY29sb2dpY28tY29uLXVuLXBldC10Yw?oc=5
100,health,Cicatrices en el pulmón: otra secuela más de la covid - El Debate,https://news.google.com/__i/rss/rd/articles/CBMicWh0dHBzOi8vd3d3LmVsZGViYXRlLmNvbS9zb2NpZWRhZC8yMDIyMTIwMy9wZXJzb25hcy1ob3NwaXRhbGl6YWRhcy1jb3ZpZC1wb2RyaWFuLXRlbmVyLWNpY2F0cml6LXB1bG1vbl83NzM5MS5odG1s0gF1aHR0cHM6Ly93d3cuZWxkZWJhdGUuY29tL3NvY2llZGFkLzIwMjIxMjAzL3BlcnNvbmFzLWhvc3BpdGFsaXphZGFzLWNvdmlkLXBvZHJpYW4tdGVuZXItY2ljYXRyaXotcHVsbW9uXzc3MzkxX2FtcC5odG1s?oc=5
101,health,El mejor superalimento fitness para adelgazar y aumentar el músculo según la ciencia - Superdeporte,https://news.google.com/__i/rss/rd/articles/CBMigAFodHRwczovL3d3dy5zdXBlcmRlcG9ydGUuZXMvZnVlcmEtZGUtanVlZ28vc2FsdWQvZml0bmVzcy8yMDIyLzEyLzAzL21lam9yLXN1cGVyYWxpbWVudG8tZml0bmVzcy1hZGVsZ2F6YXItYXVtZW50YXItNzg1NDczMzUuaHRtbNIBhAFodHRwczovL3d3dy5zdXBlcmRlcG9ydGUuZXMvZnVlcmEtZGUtanVlZ28vc2FsdWQvZml0bmVzcy8yMDIyLzEyLzAzL21lam9yLXN1cGVyYWxpbWVudG8tZml0bmVzcy1hZGVsZ2F6YXItYXVtZW50YXItNzg1NDczMzUuYW1wLmh0bWw?oc=5
102,health,"Anemia, cada vez más frecuente en niños y adolescentes - Okdiario",https://news.google.com/__i/rss/rd/articles/CBMiVGh0dHBzOi8vb2tkaWFyaW8uY29tL3NhbHVkL2FuZW1pYS1jYWRhLXZlei1tYXMtZnJlY3VlbnRlLW5pbm9zLWFkb2xlc2NlbnRlcy0xMDEwMDA4N9IBWGh0dHBzOi8vb2tkaWFyaW8uY29tL3NhbHVkL2FuZW1pYS1jYWRhLXZlei1tYXMtZnJlY3VlbnRlLW5pbm9zLWFkb2xlc2NlbnRlcy0xMDEwMDA4Ny9hbXA?oc=5
103,health,Aceite de oliva y cáncer - asajajaen.com,https://news.google.com/__i/rss/rd/articles/CBMiTGh0dHBzOi8vd3d3LmFzYWphamFlbi5jb20vY29uc3VtYS1wcm9kdWN0b3MtZGUtamFlbi9hY2VpdGUtZGUtb2xpdmEteS1jYW5jZXLSAQA?oc=5
104,health,OMS cambia el nombre de la viruela del mono a mpox en todos los idiomas - Medicina y Salud Publica,https://news.google.com/__i/rss/rd/articles/CBMihgFodHRwczovL21lZGljaW5heXNhbHVkcHVibGljYS5jb20vbm90aWNpYXMvc2FsdWQtcHVibGljYS9vbXMtY2FtYmlhLWVsLW5vbWJyZS1kZS1sYS12aXJ1ZWxhLWRlbC1tb25vLWEtbXBveC1lbi10b2Rvcy1sb3MtaWRpb21hcy8xNjk5M9IBigFodHRwczovL21lZGljaW5heXNhbHVkcHVibGljYS5jb20vYW1wL25vdGljaWFzL3NhbHVkLXB1YmxpY2Evb21zLWNhbWJpYS1lbC1ub21icmUtZGUtbGEtdmlydWVsYS1kZWwtbW9uby1hLW1wb3gtZW4tdG9kb3MtbG9zLWlkaW9tYXMvMTY5OTM?oc=5
105,health,Detectan envejecimiento prematuro en cerebros adolescentes tras la pandemia - Faro de Vigo,https://news.google.com/__i/rss/rd/articles/CBMic2h0dHBzOi8vd3d3LmZhcm9kZXZpZ28uZXMvc29jaWVkYWQvMjAyMi8xMi8wMy9kZXRlY3Rhbi1lbnZlamVjaW1pZW50by1wcmVtYXR1cm8tY2VyZWJyb3MtYWRvbGVzY2VudGVzLTc5NDg0ODAyLmh0bWzSAXdodHRwczovL3d3dy5mYXJvZGV2aWdvLmVzL3NvY2llZGFkLzIwMjIvMTIvMDMvZGV0ZWN0YW4tZW52ZWplY2ltaWVudG8tcHJlbWF0dXJvLWNlcmVicm9zLWFkb2xlc2NlbnRlcy03OTQ4NDgwMi5hbXAuaHRtbA?oc=5
106,health,Beber café afecta el colesterol. Te contamos cómo lo hace - MUI Kitchen,https://news.google.com/__i/rss/rd/articles/CBMiaWh0dHBzOi8vbXVpLmtpdGNoZW4vbm90aWNpYXMvQmViZXItY2FmZS1hZmVjdGEtZWwtY29sZXN0ZXJvbC4tVGUtY29udGFtb3MtY29tby1sby1oYWNlLTIwMjIxMjAzLTAwMTkuaHRtbNIBaWh0dHBzOi8vbXVpLmtpdGNoZW4vbm90aWNpYXMvQmViZXItY2FmZS1hZmVjdGEtZWwtY29sZXN0ZXJvbC4tVGUtY29udGFtb3MtY29tby1sby1oYWNlLTIwMjIxMjAzLTAwMTkuaHRtbA?oc=5
107,health,¿Debo entrenar si estoy enfermo? - Planeta Triatlón,https://news.google.com/__i/rss/rd/articles/CBMiLWh0dHBzOi8vcGxhbmV0YXRyaWF0bG9uLmNvbS9lbnRyZW5hci1lbmZlcm1vL9IBAA?oc=5
108,health,¿Cuáles son los beneficios de la rehabilitación después de una cirugía estética? - Murcia.com,https://news.google.com/__i/rss/rd/articles/CBMihgFodHRwczovL3d3dy5tdXJjaWEuY29tL2VtcHJlc2FzL25vdGljaWFzLzIwMjIvMTIvMDMtY3VhbGVzLXNvbi1sb3MtYmVuZWZpY2lvcy1kZS1sYS1yZWhhYmlsaXRhY2lvbi1kZXNwdWVzLWRlLXVuYS1jaXJ1Z2lhLWVzdGV0aWNhLmFzcNIBhQFodHRwOi8vYW1wLm11cmNpYS5jb20vZW1wcmVzYXMvbm90aWNpYXMvMjAyMi8xMi8wMy1jdWFsZXMtc29uLWxvcy1iZW5lZmljaW9zLWRlLWxhLXJlaGFiaWxpdGFjaW9uLWRlc3B1ZXMtZGUtdW5hLWNpcnVnaWEtZXN0ZXRpY2EuYXNw?oc=5
109,health,La dieta que reduce en un 10% el riesgo de enfermedad cardiovascular - 20minutos.es,https://news.google.com/__i/rss/rd/articles/CBMiZWh0dHBzOi8vd3d3LjIwbWludXRvcy5lcy9zYWx1ZC9hY3R1YWxpZGFkL2RpZXRhLWRhc2gtcmVkdWNlLXJpZXNnby1lbmZlcm1lZGFkLWNhcmRpb3Zhc2N1bGFyLTUwODE4NTEv0gEA?oc=5
110,health,Un parásito influye en la conducta de los lobos y los convierte en líderes de la manada - El Imparcial de Oaxaca,https://news.google.com/__i/rss/rd/articles/CBMiggFodHRwczovL2ltcGFyY2lhbG9heGFjYS5teC9jaWVuY2lhLzcyMTkxOC91bi1wYXJhc2l0by1pbmZsdXllLWVuLWxhLWNvbmR1Y3RhLWRlLWxvcy1sb2Jvcy15LWxvcy1jb252aWVydGUtZW4tbGlkZXJlcy1kZS1sYS1tYW5hZGEv0gEA?oc=5
111,health,Las bacterias intestinales podrían dar forma al comportamiento social - Vista al Mar,https://news.google.com/__i/rss/rd/articles/CBMid2h0dHBzOi8vd3d3LnZpc3RhYWxtYXIuZXMvY2llbmNpYS10ZWNub2xvZ2lhL2Jpb2xvZ2lhLzExNTc1LWJhY3Rlcmlhcy1pbnRlc3RpbmFsZXMtZGFyLWZvcm1hLWNvbXBvcnRhbWllbnRvLXNvY2lhbC5odG1s0gEA?oc=5
112,health,¿Cómo prevenir la caída del cabello con la alimentación? - miarevista.es,https://news.google.com/__i/rss/rd/articles/CBMiK2h0dHBzOi8vd3d3Lm1pYXJldmlzdGEuZXMvdHJ1Y29zLzE4NTU1Lmh0bWzSAQA?oc=5
113,health,Guía para entender la epilepsia de tu hijo - El Periódico de Extremadura,https://news.google.com/__i/rss/rd/articles/CBMiYmh0dHBzOi8vd3d3LmVscGVyaW9kaWNvZXh0cmVtYWR1cmEuY29tL3NhbHVkLzIwMjIvMTIvMDMvZ3VpYS1lbnRlbmRlci1lcGlsZXBzaWEtaGlqby03OTUwMzY2Mi5odG1s0gFmaHR0cHM6Ly93d3cuZWxwZXJpb2RpY29leHRyZW1hZHVyYS5jb20vc2FsdWQvMjAyMi8xMi8wMy9ndWlhLWVudGVuZGVyLWVwaWxlcHNpYS1oaWpvLTc5NTAzNjYyLmFtcC5odG1s?oc=5
114,health,"Huevos de codorniz, una sana y sabrosa exquisitez - Deia",https://news.google.com/__i/rss/rd/articles/CBMiYGh0dHBzOi8vd3d3LmRlaWEuZXVzL2dhc3Ryb25vbWlhLzIwMjIvMTIvMDMvaHVldm9zLWNvZG9ybml6LXNhbmEtc2Ficm9zYS1leHF1aXNpdGV6LTYyNzg0ODAuaHRtbNIBZGh0dHBzOi8vd3d3LmRlaWEuZXVzL2dhc3Ryb25vbWlhLzIwMjIvMTIvMDMvaHVldm9zLWNvZG9ybml6LXNhbmEtc2Ficm9zYS1leHF1aXNpdGV6LTYyNzg0ODAuYW1wLmh0bWw?oc=5
115,health,¿Cuáles son los carbohidratos que debemos evitar? - Mejor con Salud - Mejor con Salud - Fitness,https://news.google.com/__i/rss/rd/articles/CBMiSGh0dHBzOi8vbWVqb3Jjb25zYWx1ZC5hcy5jb20vZml0bmVzcy9kaWV0YS9jYXJib2hpZHJhdG9zLWRlYmVtb3MtZXZpdGFyL9IBAA?oc=5
116,health,Los condilomas o verrugas genitales: detectar a tiempo una de las infecciones de transmisión sexual más frecuentes - Infosalus,https://news.google.com/__i/rss/rd/articles/CBMipAFodHRwczovL3d3dy5pbmZvc2FsdXMuY29tL3NhbHVkLWludmVzdGlnYWNpb24vbm90aWNpYS1jb25kaWxvbWFzLXZlcnJ1Z2FzLWdlbml0YWxlcy1kZXRlY3Rhci10aWVtcG8taW5mZWNjaW9uZXMtdHJhbnNtaXNpb24tc2V4dWFsLW1hcy1mcmVjdWVudGUtMjAyMjEyMDMwNzU5NTEuaHRtbNIBAA?oc=5
117,health,Buenos hábitos para controlar la hipertensión arterial - Geriatricarea.com,https://news.google.com/__i/rss/rd/articles/CBMiYGh0dHBzOi8vd3d3LmdlcmlhdHJpY2FyZWEuY29tLzIwMjIvMTIvMDMvYnVlbm9zLWhhYml0b3MtcGFyYS1jb250cm9sYXItbGEtaGlwZXJ0ZW5zaW9uLWFydGVyaWFsL9IBAA?oc=5
118,health,¿Pierde el zumo de naranja la vitamina C si no se toma inmediatamente? - INFORMACIÓN,https://news.google.com/__i/rss/rd/articles/CBMiU2h0dHBzOi8vd3d3LmluZm9ybWFjaW9uLmVzL3NhbHVkLzIwMjIvMTIvMDMvenVtby1uYXJhbmphLXZpdGFtaW5hLWMtZHYtNTk5OTY3My5odG1s0gFXaHR0cHM6Ly93d3cuaW5mb3JtYWNpb24uZXMvc2FsdWQvMjAyMi8xMi8wMy96dW1vLW5hcmFuamEtdml0YW1pbmEtYy1kdi01OTk5NjczLmFtcC5odG1s?oc=5
119,health,La ciencia confirma que el tratamiento con luz láser mejora la memoria a corto plazo - Alimente,https://news.google.com/__i/rss/rd/articles/CBMiggFodHRwczovL3d3dy5hbGltZW50ZS5lbGNvbmZpZGVuY2lhbC5jb20vYmllbmVzdGFyLzIwMjItMTItMDMvZWwtdHJhdGFtaWVudG8tY29uLWx1ei1sYXNlci1tZWpvcmEtbGEtbWVtb3JpYS1hLWNvcnRvLXBsYXpvXzM1MzM0NDMv0gEA?oc=5
