index,category,n_doc,title,path,link
0,sports,1,Memphis y Dumfries certifican que el 'soccer' todavía está lejos del modelo de fútbol de - MARCA.com,./TextClassification/Datos/Raw_data/sports/1.txt,https://news.google.com/__i/rss/rd/articles/CBMiVWh0dHBzOi8vd3d3Lm1hcmNhLmNvbS9mdXRib2wvbXVuZGlhbC9jcm9uaWNhLzIwMjIvMTIvMDMvNjM4YjY1YmMyNjhlM2VmNzI1OGI0NThhLmh0bWzSAVVodHRwczovL2FtcC5tYXJjYS5jb20vZnV0Ym9sL211bmRpYWwvY3JvbmljYS8yMDIyLzEyLzAzLzYzOGI2NWJjMjY4ZTNlZjcyNThiNDU4YS5odG1s?oc=5
1,sports,2,Con el dinero no basta en el fútbol - AS ,./TextClassification/Datos/Raw_data/sports/2.txt,https://news.google.com/__i/rss/rd/articles/CBMiPWh0dHBzOi8vYXMuY29tL29waW5pb24vY29uLWVsLWRpbmVyby1uby1iYXN0YS1lbi1lbC1mdXRib2wtbi_SAUxodHRwczovL2FzLmNvbS9vcGluaW9uL2Nvbi1lbC1kaW5lcm8tbm8tYmFzdGEtZW4tZWwtZnV0Ym9sLW4vP291dHB1dFR5cGU9YW1w?oc=5
2,sports,3,El fútbol es un cuento - La Voz de Galicia,./TextClassification/Datos/Raw_data/sports/3.txt,https://news.google.com/__i/rss/rd/articles/CBMiXmh0dHBzOi8vd3d3Lmxhdm96ZGVnYWxpY2lhLmVzL25vdGljaWEvb3Bpbmlvbi8yMDIyLzEyLzA0L2Z1dGJvbC1jdWVudG8vMDAwM18yMDIyMTJFNFA2MDk5My5odG3SAWJodHRwczovL3d3dy5sYXZvemRlZ2FsaWNpYS5lcy9hbXAvbm90aWNpYS9vcGluaW9uLzIwMjIvMTIvMDQvZnV0Ym9sLWN1ZW50by8wMDAzXzIwMjIxMkU0UDYwOTkzLmh0bQ?oc=5
3,sports,4,Cavani y Giménez serán sancionados pero no con sus clubes - Marca,./TextClassification/Datos/Raw_data/sports/4.txt,https://news.google.com/__i/rss/rd/articles/CBMiTWh0dHBzOi8vd3d3Lm1hcmNhLmNvbS9mdXRib2wvbXVuZGlhbC8yMDIyLzEyLzAzLzYzOGIwYzM5ZTI3MDRlOTkwNzhiNDVhZi5odG1s0gFNaHR0cHM6Ly9hbXAubWFyY2EuY29tL2Z1dGJvbC9tdW5kaWFsLzIwMjIvMTIvMDMvNjM4YjBjMzllMjcwNGU5OTA3OGI0NWFmLmh0bWw?oc=5
4,sports,5,Suspendido por una tangana a puñetazos el Almería-Heart (1-0) - Diario de Almería,./TextClassification/Datos/Raw_data/sports/5.txt,https://news.google.com/__i/rss/rd/articles/CBMiZ2h0dHBzOi8vd3d3LmRpYXJpb2RlYWxtZXJpYS5lcy91ZC1hbG1lcmlhL3N1c3BlbmRpZG8tdGFuZ2FuYS1wdW5ldGF6b3MtYWxtZXJpYS1oZWFydHNfMF8xNzQ0NjI1Nzg0Lmh0bWzSAWtodHRwczovL3d3dy5kaWFyaW9kZWFsbWVyaWEuZXMvdWQtYWxtZXJpYS9zdXNwZW5kaWRvLXRhbmdhbmEtcHVuZXRhem9zLWFsbWVyaWEtaGVhcnRzXzBfMTc0NDYyNTc4NC5hbXAuaHRtbA?oc=5
5,sports,6,"Cristiano Ronaldo exige a la Juventus 19,9 millones de euros - Marca",./TextClassification/Datos/Raw_data/sports/6.txt,https://news.google.com/__i/rss/rd/articles/CBMiU2h0dHBzOi8vd3d3Lm1hcmNhLmNvbS9mdXRib2wvbGlnYS1pdGFsaWFuYS8yMDIyLzEyLzA0LzYzOGM3YTNhMjI2MDFkOTkzMThiNDVlMi5odG1s0gFTaHR0cHM6Ly9hbXAubWFyY2EuY29tL2Z1dGJvbC9saWdhLWl0YWxpYW5hLzIwMjIvMTIvMDQvNjM4YzdhM2EyMjYwMWQ5OTMxOGI0NWUyLmh0bWw?oc=5
6,sports,7,"El último baile del invicto Van Gaal: ""Luchamos por Louis"" - Marca",./TextClassification/Datos/Raw_data/sports/7.txt,https://news.google.com/__i/rss/rd/articles/CBMiTWh0dHBzOi8vd3d3Lm1hcmNhLmNvbS9mdXRib2wvbXVuZGlhbC8yMDIyLzEyLzA0LzYzOGJiZWU4ZTI3MDRlYjQ1YjhiNDViNi5odG1s0gFNaHR0cHM6Ly9hbXAubWFyY2EuY29tL2Z1dGJvbC9tdW5kaWFsLzIwMjIvMTIvMDQvNjM4YmJlZThlMjcwNGViNDViOGI0NWI2Lmh0bWw?oc=5
7,sports,8,"Luis Enrique: «Si a Gavi le ha hecho la porra el Rey, es que sabe mucho de fútbol» - Okdiario",./TextClassification/Datos/Raw_data/sports/8.txt,https://news.google.com/__i/rss/rd/articles/CBMiYGh0dHBzOi8vb2tkaWFyaW8uY29tL211bmRpYWwvbHVpcy1lbnJpcXVlLXNpLWdhdmktaGVjaG8tcG9ycmEtcmV5LXF1ZS1zYWJlLW11Y2hvLWZ1dGJvbC0xMDEwMDczNdIBZGh0dHBzOi8vb2tkaWFyaW8uY29tL211bmRpYWwvbHVpcy1lbnJpcXVlLXNpLWdhdmktaGVjaG8tcG9ycmEtcmV5LXF1ZS1zYWJlLW11Y2hvLWZ1dGJvbC0xMDEwMDczNS9hbXA?oc=5
8,sports,9,El VAR más moderno sigue sin resolver los problemas del fútbol: las polémicas arbitrales del Mundial - EL ESPAÑOL,./TextClassification/Datos/Raw_data/sports/9.txt,https://news.google.com/__i/rss/rd/articles/CBMigwFodHRwczovL3d3dy5lbGVzcGFub2wuY29tL2RlcG9ydGVzL2Z1dGJvbC9tdW5kaWFsLzIwMjIxMjAzL3Zhci1zaW4tcmVzb2x2ZXItcHJvYmxlbWFzLXBvbGVtaWNhcy1hcmJpdHJhbGVzLW11bmRpYWwvNzIzMTc3Njc2XzAuaHRtbNIBhwFodHRwczovL3d3dy5lbGVzcGFub2wuY29tL2RlcG9ydGVzL2Z1dGJvbC9tdW5kaWFsLzIwMjIxMjAzL3Zhci1zaW4tcmVzb2x2ZXItcHJvYmxlbWFzLXBvbGVtaWNhcy1hcmJpdHJhbGVzLW11bmRpYWwvNzIzMTc3Njc2XzAuYW1wLmh0bWw?oc=5
9,sports,10,"La indignación de Luis Suárez: ""¿Por qué siempre contra Uruguay?"" - Marca",./TextClassification/Datos/Raw_data/sports/10.txt,https://news.google.com/__i/rss/rd/articles/CBMiTWh0dHBzOi8vd3d3Lm1hcmNhLmNvbS9mdXRib2wvbXVuZGlhbC8yMDIyLzEyLzAyLzYzOGE0ZWFlY2E0NzQxZjU0ZThiNDVjYy5odG1s0gFNaHR0cHM6Ly9hbXAubWFyY2EuY29tL2Z1dGJvbC9tdW5kaWFsLzIwMjIvMTIvMDIvNjM4YTRlYWVjYTQ3NDFmNTRlOGI0NWNjLmh0bWw?oc=5
10,sports,11,El fútbol fue lo de menos - Cadena SER,./TextClassification/Datos/Raw_data/sports/11.txt,https://news.google.com/__i/rss/rd/articles/CBMiWGh0dHBzOi8vY2FkZW5hc2VyLmNvbS9jYW5hcmlhcy8yMDIyLzEyLzA0L2VsLWZ1dGJvbC1mdWUtbG8tZGUtbWVub3MtcmFkaW8tY2x1Yi10ZW5lcmlmZS_SAWdodHRwczovL2NhZGVuYXNlci5jb20vY2FuYXJpYXMvMjAyMi8xMi8wNC9lbC1mdXRib2wtZnVlLWxvLWRlLW1lbm9zLXJhZGlvLWNsdWItdGVuZXJpZmUvP291dHB1dFR5cGU9YW1w?oc=5
11,sports,12,El porcentaje que atormenta a España en los Mundiales desde que fue campeona - El Mundo,./TextClassification/Datos/Raw_data/sports/12.txt,https://news.google.com/__i/rss/rd/articles/CBMiYWh0dHBzOi8vd3d3LmVsbXVuZG8uZXMvZGVwb3J0ZXMvZnV0Ym9sL211bmRpYWwtZGUtZnV0Ym9sLzIwMjIvMTIvMDQvNjM4YjFjNjVmZGRkZmYyODg4OGI0NTkzLmh0bWzSAWFodHRwczovL2FtcC5lbG11bmRvLmVzL2RlcG9ydGVzL2Z1dGJvbC9tdW5kaWFsLWRlLWZ1dGJvbC8yMDIyLzEyLzA0LzYzOGIxYzY1ZmRkZGZmMjg4ODhiNDU5My5odG1s?oc=5
12,sports,13,¿Será que el fútbol todo lo cura? - elDiario.es,./TextClassification/Datos/Raw_data/sports/13.txt,https://news.google.com/__i/rss/rd/articles/CBMiXGh0dHBzOi8vd3d3LmVsZGlhcmlvLmVzL2NhbmFyaWFzYWhvcmEvbGFwYWxtYWFob3JhL29waW5pb24vc2VyYS1mdXRib2wtY3VyYV8xMjlfOTc2ODUwOC5odG1s0gEA?oc=5
13,sports,14,Boicot de Mbappé al alcohol - AS ,./TextClassification/Datos/Raw_data/sports/14.txt,https://news.google.com/__i/rss/rd/articles/CBMiPGh0dHBzOi8vYXMuY29tL2Z1dGJvbC9tdW5kaWFsL2JvaWNvdC1kZS1tYmFwcGUtYWwtYWxjb2hvbC1uL9IBS2h0dHBzOi8vYXMuY29tL2Z1dGJvbC9tdW5kaWFsL2JvaWNvdC1kZS1tYmFwcGUtYWwtYWxjb2hvbC1uLz9vdXRwdXRUeXBlPWFtcA?oc=5
14,sports,15,"La afición revive los fatídicos minutos con España eliminada: ""Nos mirábamos en la grada..."" - Marca",./TextClassification/Datos/Raw_data/sports/15.txt,https://news.google.com/__i/rss/rd/articles/CBMiTWh0dHBzOi8vd3d3Lm1hcmNhLmNvbS9mdXRib2wvbXVuZGlhbC8yMDIyLzEyLzAxLzYzODkyNmRiNDYxNjNmN2Q2OThiNDVlMC5odG1s0gFNaHR0cHM6Ly9hbXAubWFyY2EuY29tL2Z1dGJvbC9tdW5kaWFsLzIwMjIvMTIvMDEvNjM4OTI2ZGI0NjE2M2Y3ZDY5OGI0NWUwLmh0bWw?oc=5
15,sports,16,Tremendo Anthony Davis: 44 puntos para conquistar Milwaukee - nbamaniacs,./TextClassification/Datos/Raw_data/sports/16.txt,https://news.google.com/__i/rss/rd/articles/CBMiX2h0dHBzOi8vd3d3Lm5iYW1hbmlhY3MuY29tL25vdGljaWFzL3RyZW1lbmRvLWFudGhvbnktZGF2aXMtNDQtcHVudG9zLXBhcmEtY29ucXVpc3Rhci1taWx3YXVrZWUv0gEA?oc=5
16,sports,17,Sacramento arrasa en su visita a los Clippers - nbamaniacs,./TextClassification/Datos/Raw_data/sports/17.txt,https://news.google.com/__i/rss/rd/articles/CBMiUmh0dHBzOi8vd3d3Lm5iYW1hbmlhY3MuY29tL25vdGljaWFzL3NhY3JhbWVudG8tYXJyYXNhLWVuLXN1LXZpc2l0YS1hLWxvcy1jbGlwcGVycy_SAQA?oc=5
17,sports,18,Doncic se sale en la Meca del baloncesto - Marca,./TextClassification/Datos/Raw_data/sports/18.txt,https://news.google.com/__i/rss/rd/articles/CBMiTWh0dHBzOi8vd3d3Lm1hcmNhLmNvbS9iYWxvbmNlc3RvL25iYS8yMDIyLzEyLzA0LzYzOGM0MDM0MjY4ZTNlYjY1MThiNDVlMC5odG1s0gFNaHR0cHM6Ly9hbXAubWFyY2EuY29tL2JhbG9uY2VzdG8vbmJhLzIwMjIvMTIvMDQvNjM4YzQwMzQyNjhlM2ViNjUxOGI0NWUwLmh0bWw?oc=5
18,sports,19,Golden State acaba con Houston al ritmo de Andrew Wiggins - nbamaniacs,./TextClassification/Datos/Raw_data/sports/19.txt,https://news.google.com/__i/rss/rd/articles/CBMiXmh0dHBzOi8vd3d3Lm5iYW1hbmlhY3MuY29tL25vdGljaWFzL2dvbGRlbi1zdGF0ZS1hY2FiYS1jb24taG91c3Rvbi1hbC1yaXRtby1kZS1hbmRyZXctd2lnZ2lucy_SAQA?oc=5
19,sports,20,T.J. Warren vuelve vuelve a las canchas tras 703 días en blanco - nbamaniacs,./TextClassification/Datos/Raw_data/sports/20.txt,https://news.google.com/__i/rss/rd/articles/CBMiY2h0dHBzOi8vd3d3Lm5iYW1hbmlhY3MuY29tL25vdGljaWFzL3Qtai13YXJyZW4tdnVlbHZlLXZ1ZWx2ZS1hLWxhcy1jYW5jaGFzLXRyYXMtNzAzLWRpYXMtZW4tYmxhbmNvL9IBAA?oc=5
20,sports,21,Golden State asesta otro golpe a los heridos Bulls - nbamaniacs,./TextClassification/Datos/Raw_data/sports/21.txt,https://news.google.com/__i/rss/rd/articles/CBMiV2h0dHBzOi8vd3d3Lm5iYW1hbmlhY3MuY29tL25vdGljaWFzL2dvbGRlbi1zdGF0ZS1hc2VzdGEtb3Ryby1nb2xwZS1hLWxvcy1oZXJpZG9zLWJ1bGxzL9IBAA?oc=5
21,sports,22,Houston da la sorpresa remontando y derrotando a los Suns - nbamaniacs,./TextClassification/Datos/Raw_data/sports/22.txt,https://news.google.com/__i/rss/rd/articles/CBMiXmh0dHBzOi8vd3d3Lm5iYW1hbmlhY3MuY29tL25vdGljaWFzL2hvdXN0b24tZGEtbGEtc29ycHJlc2EtcmVtb250YW5kby15LWRlcnJvdGFuZG8tYS1sb3Mtc3Vucy_SAQA?oc=5
22,sports,23,"La lesión de Juancho Hernangómez: qué tiene, qué se sabe y cuánto tiempo estará fuera con Toronto Raptors - Sporting News",./TextClassification/Datos/Raw_data/sports/23.txt,https://news.google.com/__i/rss/rd/articles/CBMibGh0dHBzOi8vd3d3LnNwb3J0aW5nbmV3cy5jb20vZXMvbmJhL25ld3MvanVhbmNoby1oZXJuYW5nb21lei1sZXNpb24tdG9yb250by1yYXB0b3JzL2J0cXdiMGZ3Zjl3M3R2Zmx0dTI4MHZ3M9IBAA?oc=5
23,sports,24,"LeBron James: ""No necesito ser un atleta extraordinario para ser efectivo"" - nbamaniacs",./TextClassification/Datos/Raw_data/sports/24.txt,https://news.google.com/__i/rss/rd/articles/CBMibGh0dHBzOi8vd3d3Lm5iYW1hbmlhY3MuY29tL25vdGljaWFzL2xlYnJvbi1qYW1lcy1uby1uZWNlc2l0by1zZXItdW4tYXRsZXRhLWV4dHJhb3JkaW5hcmlvLXBhcmEtc2VyLWVmZWN0aXZvL9IBAA?oc=5
24,sports,25,Hawks y Nets han negociado por John Collins - nbamaniacs,./TextClassification/Datos/Raw_data/sports/25.txt,https://news.google.com/__i/rss/rd/articles/CBMiU2h0dHBzOi8vd3d3Lm5iYW1hbmlhY3MuY29tL3J1bW9yZXMtbmJhL2hhd2tzLXktbmV0cy1oYW4tbmVnb2NpYWRvLXBvci1qb2huLWNvbGxpbnMv0gEA?oc=5
25,sports,26,"Al Horford sobre su renovación con los Celtics: ""Esta estabilidad es difícil de encontrar"" - nbamaniacs",./TextClassification/Datos/Raw_data/sports/26.txt,https://news.google.com/__i/rss/rd/articles/CBMifGh0dHBzOi8vd3d3Lm5iYW1hbmlhY3MuY29tL25vdGljaWFzL2FsLWhvcmZvcmQtc29icmUtc3UtcmVub3ZhY2lvbi1jb24tbG9zLWNlbHRpY3MtZXN0YS1lc3RhYmlsaWRhZC1lcy1kaWZpY2lsLWRlLWVuY29udHJhci_SAQA?oc=5
26,sports,27,"Campazzo quiere jugar en el Real Madrid, pero no a cualquier precio - Bernabéu Digital",./TextClassification/Datos/Raw_data/sports/27.txt,https://news.google.com/__i/rss/rd/articles/CBMidGh0dHBzOi8vd3d3LmJlcm5hYmV1ZGlnaXRhbC5jb20vYmFsb25jZXN0by9jYW1wYXp6by1xdWllcmUtanVnYXItZW4tZWwtcmVhbC1tYWRyaWQtcGVyby1uby1hLWN1YWxxdWllci1wcmVjaW8tMjkwNjM20gF2aHR0cHM6Ly9tLmJlcm5hYmV1ZGlnaXRhbC5jb20vYW1wL2JhbG9uY2VzdG8vY2FtcGF6em8tcXVpZXJlLWp1Z2FyLWVuLWVsLXJlYWwtbWFkcmlkLXBlcm8tbm8tYS1jdWFscXVpZXItcHJlY2lvLTI5MDYzNg?oc=5
27,sports,28,Gobert toca fondo - AS ,./TextClassification/Datos/Raw_data/sports/28.txt,https://news.google.com/__i/rss/rd/articles/CBMiMmh0dHBzOi8vYXMuY29tL2JhbG9uY2VzdG8vbmJhL2dvYmVydC10b2NhLWZvbmRvLW4v0gFBaHR0cHM6Ly9hcy5jb20vYmFsb25jZXN0by9uYmEvZ29iZXJ0LXRvY2EtZm9uZG8tbi8_b3V0cHV0VHlwZT1hbXA?oc=5
28,sports,29,Devin Booker y Jayson Tatum nombrados jugadores del mes - nbamaniacs,./TextClassification/Datos/Raw_data/sports/29.txt,https://news.google.com/__i/rss/rd/articles/CBMiXGh0dHBzOi8vd3d3Lm5iYW1hbmlhY3MuY29tL25vdGljaWFzL2RldmluLWJvb2tlci15LWpheXNvbi10YXR1bS1ub21icmFkb3MtanVnYWRvcmVzLWRlbC1tZXMv0gEA?oc=5
29,sports,30,Jimmy Butler regresará esta noche ante los Celtics - nbamaniacs,./TextClassification/Datos/Raw_data/sports/30.txt,https://news.google.com/__i/rss/rd/articles/CBMiWmh0dHBzOi8vd3d3Lm5iYW1hbmlhY3MuY29tL3J1bW9yZXMtbmJhL2ppbW15LWJ1dGxlci1yZWdyZXNhcmEtZXN0YS1ub2NoZS1hbnRlLWxvcy1jZWx0aWNzL9IBAA?oc=5
30,sports,31,El descalabro gigante de Rafa Nadal a Ruud con un falso ‘smash’ que jamás esperó - AS ,./TextClassification/Datos/Raw_data/sports/31.txt,https://news.google.com/__i/rss/rd/articles/CBMibWh0dHBzOi8vYXMuY29tL3RlbmlzL3ZpZGVvcy9lbC1kZXNjYWxhYnJvLWdpZ2FudGUtZGUtcmFmYS1uYWRhbC1hLXJ1dWQtY29uLXVuLWZhbHNvLXNtYXNoLXF1ZS1qYW1hcy1lc3Blcm8tdi_SAXxodHRwczovL2FzLmNvbS90ZW5pcy92aWRlb3MvZWwtZGVzY2FsYWJyby1naWdhbnRlLWRlLXJhZmEtbmFkYWwtYS1ydXVkLWNvbi11bi1mYWxzby1zbWFzaC1xdWUtamFtYXMtZXNwZXJvLXYvP291dHB1dFR5cGU9YW1w?oc=5
31,sports,32,Canadá Logra Su Primera Copa Davis - ATP Tour,./TextClassification/Datos/Raw_data/sports/32.txt,https://news.google.com/__i/rss/rd/articles/CBMiTWh0dHBzOi8vd3d3LmF0cHRvdXIuY29tL2VzL25ld3MvY2FuYWRhLWF1c3RyYWxpYS1kYXZpcy1jdXAtZmluYWxzLTIwMjItc3VuZGF50gEA?oc=5
32,sports,33,Stakhovsky carga contra los tenistas serbios por un torneo en Rusia - AS ,./TextClassification/Datos/Raw_data/sports/33.txt,https://news.google.com/__i/rss/rd/articles/CBMiZWh0dHBzOi8vYXMuY29tL3RlbmlzL21hc190ZW5pcy9zdGFraG92c2t5LWNhcmdhLWNvbnRyYS1sb3MtdGVuaXN0YXMtc2VyYmlvcy1wb3ItdW4tdG9ybmVvLWVuLXJ1c2lhLW4v0gF0aHR0cHM6Ly9hcy5jb20vdGVuaXMvbWFzX3RlbmlzL3N0YWtob3Zza3ktY2FyZ2EtY29udHJhLWxvcy10ZW5pc3Rhcy1zZXJiaW9zLXBvci11bi10b3JuZW8tZW4tcnVzaWEtbi8_b3V0cHV0VHlwZT1hbXA?oc=5
33,sports,34,"La respuesta de Rafa Nadal cuando le preguntan si se considera el mejor tenista de la historia: “No me lo planteo"" - Eurosport ES",./TextClassification/Datos/Raw_data/sports/34.txt,https://news.google.com/__i/rss/rd/articles/CBMipQFodHRwczovL3d3dy5ldXJvc3BvcnQuZXMvdGVuaXMvbGEtcmVzcHVlc3RhLWRlLXJhZmEtbmFkYWwtY3VhbmRvLWxlLXByZWd1bnRhbi1zaS1zZS1jb25zaWRlcmEtZWwtbWVqb3ItdGVuaXN0YS1kZS1sYS1oaXN0b3JpYS1uby1tZS1sby1wbGFudGVvX3ZpZDE3ODMwNDYvdmlkZW8uc2h0bWzSAQA?oc=5
34,sports,35,El torneo internacional de tenis generó un impacto económico de siete millones - La Nueva España,./TextClassification/Datos/Raw_data/sports/35.txt,https://news.google.com/__i/rss/rd/articles/CBMiW2h0dHBzOi8vd3d3LmxuZS5lcy9naWpvbi8yMDIyLzEyLzAxL3Rvcm5lby1pbnRlcm5hY2lvbmFsLXRlbmlzLWdlbmVyby1pbXBhY3RvLTc5Mzc1MDE3Lmh0bWzSAV9odHRwczovL3d3dy5sbmUuZXMvZ2lqb24vMjAyMi8xMi8wMS90b3JuZW8taW50ZXJuYWNpb25hbC10ZW5pcy1nZW5lcm8taW1wYWN0by03OTM3NTAxNy5hbXAuaHRtbA?oc=5
35,sports,36,Rafa Nadal podría empezar la carrera para ser el heredero de Florentino en 2024 - Defensa Central,./TextClassification/Datos/Raw_data/sports/36.txt,https://news.google.com/__i/rss/rd/articles/CBMihAFodHRwczovL3d3dy5kZWZlbnNhY2VudHJhbC5jb20vbWFkcmlkaXNtby8xNjcwMDg1NTA5LXJhZmEtbmFkYWwtcG9kcmlhLWVtcGV6YXItbGEtY2FycmVyYS1wYXJhLXNlci1lbC1oZXJlZGVyby1kZS1mbG9yZW50aW5vLWVuLTIwMjTSAQA?oc=5
36,sports,37,El 'caso Verdasco' causa un clamor contra las exenciones médicas y el 'doping legal' - Marca,./TextClassification/Datos/Raw_data/sports/37.txt,https://news.google.com/__i/rss/rd/articles/CBMiRGh0dHBzOi8vd3d3Lm1hcmNhLmNvbS90ZW5pcy8yMDIyLzEyLzAzLzYzOGI2YWMwZTI3MDRlMzc1YzhiNDYzNi5odG1s0gFEaHR0cHM6Ly9hbXAubWFyY2EuY29tL3RlbmlzLzIwMjIvMTIvMDMvNjM4YjZhYzBlMjcwNGUzNzVjOGI0NjM2Lmh0bWw?oc=5
37,sports,38,El mejor golpe de Rafa Nadal nunca visto: aún no se sabe qué hizo - La Razón,./TextClassification/Datos/Raw_data/sports/38.txt,https://news.google.com/__i/rss/rd/articles/CBMiTmh0dHBzOi8vd3d3LmxhcmF6b24uZXMvZGVwb3J0ZXMvdGVuaXMvMjAyMjEyMDQvdjZ2Y2s0ZjJtYmR3YmRmaXNjdXE0d2xlMm0uaHRtbNIBXWh0dHBzOi8vd3d3LmxhcmF6b24uZXMvZGVwb3J0ZXMvdGVuaXMvMjAyMjEyMDQvdjZ2Y2s0ZjJtYmR3YmRmaXNjdXE0d2xlMm0uaHRtbD9vdXRwdXRUeXBlPWFtcA?oc=5
38,sports,39,"Kosmos responde a las críticas al formato de la nueva Copa Davis de Gerard Piqué: ""Ha llegado para quedarse"" - 20minutos.es",./TextClassification/Datos/Raw_data/sports/39.txt,https://news.google.com/__i/rss/rd/articles/CBMingFodHRwczovL3d3dy4yMG1pbnV0b3MuZXMvZGVwb3J0ZXMvbm90aWNpYS81MDgwMDkxLzAva29zbW9zLXJlc3BvbmRlLWEtbGFzLWNyaXRpY2FzLWFsLWZvcm1hdG8tZGUtbGEtbnVldmEtY29wYS1kYXZpcy1kZS1nZXJhcmQtcGlxdWUtaGEtbGxlZ2Fkby1wYXJhLXF1ZWRhcnNlL9IBAA?oc=5
39,sports,40,Tenis. El agradecimiento de Nadal a Federer y Djokovic - La Razón,./TextClassification/Datos/Raw_data/sports/40.txt,https://news.google.com/__i/rss/rd/articles/CBMiTmh0dHBzOi8vd3d3LmxhcmF6b24uZXMvZGVwb3J0ZXMvdGVuaXMvMjAyMjExMzAvdjRrZjRvbzdvNWVpZHBocnRwZzd3ZmdrMnEuaHRtbNIBXWh0dHBzOi8vd3d3LmxhcmF6b24uZXMvZGVwb3J0ZXMvdGVuaXMvMjAyMjExMzAvdjRrZjRvbzdvNWVpZHBocnRwZzd3ZmdrMnEuaHRtbD9vdXRwdXRUeXBlPWFtcA?oc=5
40,sports,41,Ferrero: “Trabajar con Zverev no fue fácil para mí” - AS ,./TextClassification/Datos/Raw_data/sports/41.txt,https://news.google.com/__i/rss/rd/articles/CBMiXWh0dHBzOi8vYXMuY29tL3RlbmlzL21hc190ZW5pcy9mZXJyZXJvLXktY29tby1wdWVkZS1tZWpvcmFyLWFsY2FyYXotbmVjZXNpdGFtb3MtYS1kam9rb3ZpYy1uL9IBAA?oc=5
41,sports,42,"Gonzalo González, el lucense que soltó la raqueta con 27 años y vuelve a triunfar con 56 - La Voz de Galicia",./TextClassification/Datos/Raw_data/sports/42.txt,https://news.google.com/__i/rss/rd/articles/CBMigwFodHRwczovL3d3dy5sYXZvemRlZ2FsaWNpYS5lcy9ub3RpY2lhL2RlcG9ydGVzLzIwMjIvMTEvMzAvbHVjZW5zZS1zb2x0by1yYXF1ZXRhLTI3LWFub3MtdnVlbHZlLXRyaXVuZmFyLTU2LzAwMDNfMjAyMjExTDMwUDQ1OTkxLmh0bdIBhwFodHRwczovL3d3dy5sYXZvemRlZ2FsaWNpYS5lcy9hbXAvbm90aWNpYS9kZXBvcnRlcy8yMDIyLzExLzMwL2x1Y2Vuc2Utc29sdG8tcmFxdWV0YS0yNy1hbm9zLXZ1ZWx2ZS10cml1bmZhci01Ni8wMDAzXzIwMjIxMUwzMFA0NTk5MS5odG0?oc=5
42,sports,43,"Djokovic, espectador de lujo en el Carpena - Málaga Hoy",./TextClassification/Datos/Raw_data/sports/43.txt,https://news.google.com/__i/rss/rd/articles/CBMiVGh0dHBzOi8vd3d3Lm1hbGFnYWhveS5lcy9kZXBvcnRlcy9Eam9rb3ZpYy1lc3BlY3RhZG9yLWx1am8tQ2FycGVuYV8wXzE3NDI1MjY0OTEuaHRtbNIBWGh0dHBzOi8vd3d3Lm1hbGFnYWhveS5lcy9kZXBvcnRlcy9Eam9rb3ZpYy1lc3BlY3RhZG9yLWx1am8tQ2FycGVuYV8wXzE3NDI1MjY0OTEuYW1wLmh0bWw?oc=5
43,sports,44,Kyrgios cambió la Copa Davis por un torneo de seis cifras en Arabia - AS ,./TextClassification/Datos/Raw_data/sports/44.txt,https://news.google.com/__i/rss/rd/articles/CBMiZWh0dHBzOi8vYXMuY29tL3RlbmlzL21hc190ZW5pcy9reXJnaW9zLWNhbWJpby1sYS1jb3BhLWRhdmlzLXBvci11bi10b3JuZW8tZGUtc2Vpcy1jaWZyYXMtZW4tYXJhYmlhLW4v0gF0aHR0cHM6Ly9hcy5jb20vdGVuaXMvbWFzX3RlbmlzL2t5cmdpb3MtY2FtYmlvLWxhLWNvcGEtZGF2aXMtcG9yLXVuLXRvcm5lby1kZS1zZWlzLWNpZnJhcy1lbi1hcmFiaWEtbi8_b3V0cHV0VHlwZT1hbXA?oc=5
44,sports,45,El olor caro de Nadal - Noticias de Gipuzkoa,./TextClassification/Datos/Raw_data/sports/45.txt,https://news.google.com/__i/rss/rd/articles/CBMiTWh0dHBzOi8vd3d3Lm5vdGljaWFzZGVnaXB1emtvYS5ldXMvb24vMjAyMi8xMS8yOC9vbG9yLWNhcm8tbmFkYWwtNjI2NzA1NS5odG1s0gFRaHR0cHM6Ly93d3cubm90aWNpYXNkZWdpcHV6a29hLmV1cy9vbi8yMDIyLzExLzI4L29sb3ItY2Fyby1uYWRhbC02MjY3MDU1LmFtcC5odG1s?oc=5
45,sports,46,Verstappen se sube al carro de Alonso - MARCA.com,./TextClassification/Datos/Raw_data/sports/46.txt,https://news.google.com/__i/rss/rd/articles/CBMiTWh0dHBzOi8vd3d3Lm1hcmNhLmNvbS9tb3Rvci9mb3JtdWxhMS8yMDIyLzEyLzA0LzYzOGJiODA2NDYxNjNmMDQwNThiNDVlOC5odG1s0gFNaHR0cHM6Ly9hbXAubWFyY2EuY29tL21vdG9yL2Zvcm11bGExLzIwMjIvMTIvMDQvNjM4YmI4MDY0NjE2M2YwNDA1OGI0NWU4Lmh0bWw?oc=5
46,sports,47,KTM recibe ayuda de la F1 - AS ,./TextClassification/Datos/Raw_data/sports/47.txt,https://news.google.com/__i/rss/rd/articles/CBMiMWh0dHBzOi8vYXMuY29tL21vdG9yL2t0bS1yZWNpYmUtYXl1ZGEtZGUtbGEtZjEtbi_SAUBodHRwczovL2FzLmNvbS9tb3Rvci9rdG0tcmVjaWJlLWF5dWRhLWRlLWxhLWYxLW4vP291dHB1dFR5cGU9YW1w?oc=5
47,sports,48,"""Es el mismo Alonso que con Minardi hace 20 años"" - Marca",./TextClassification/Datos/Raw_data/sports/48.txt,https://news.google.com/__i/rss/rd/articles/CBMiTWh0dHBzOi8vd3d3Lm1hcmNhLmNvbS9tb3Rvci9mb3JtdWxhMS8yMDIyLzEyLzAzLzYzOGEyNjNiMjI2MDFkNTM0ZjhiNDVmMy5odG1s0gFNaHR0cHM6Ly9hbXAubWFyY2EuY29tL21vdG9yL2Zvcm11bGExLzIwMjIvMTIvMDMvNjM4YTI2M2IyMjYwMWQ1MzRmOGI0NWYzLmh0bWw?oc=5
48,sports,49,Alpine comenzó 2022 “en ruinas” - AS ,./TextClassification/Datos/Raw_data/sports/49.txt,https://news.google.com/__i/rss/rd/articles/CBMiP2h0dHBzOi8vYXMuY29tL21vdG9yL2Zvcm11bGFfMS9hbHBpbmUtY29tZW56by0yMDIyLWVuLXJ1aW5hcy1uL9IBAA?oc=5
49,sports,50,Steiner: “El motor Ferrari de 2023 va a ser una bomba” - Car and Driver ,./TextClassification/Datos/Raw_data/sports/50.txt,https://news.google.com/__i/rss/rd/articles/CBMiWmh0dHBzOi8vd3d3LmNhcmFuZGRyaXZlci5jb20vZXMvZm9ybXVsYS0xL2E0MjE0MjY1My9zdGVpbmVyLW1vdG9yLWZlcnJhcmktMjAyMy1zZXJhLWJvbWJhL9IBAA?oc=5
50,sports,51,Audi crece para la F1 - AS ,./TextClassification/Datos/Raw_data/sports/51.txt,https://news.google.com/__i/rss/rd/articles/CBMiN2h0dHBzOi8vYXMuY29tL21vdG9yL2Zvcm11bGFfMS9hdWRpLWNyZWNlLXBhcmEtbGEtZjEtbi_SAUZodHRwczovL2FzLmNvbS9tb3Rvci9mb3JtdWxhXzEvYXVkaS1jcmVjZS1wYXJhLWxhLWYxLW4vP291dHB1dFR5cGU9YW1w?oc=5
51,sports,52,"Horner: ""Max está muy por encima del resto en la Fórmula 1"" - Marca",./TextClassification/Datos/Raw_data/sports/52.txt,https://news.google.com/__i/rss/rd/articles/CBMiTWh0dHBzOi8vd3d3Lm1hcmNhLmNvbS9tb3Rvci9mb3JtdWxhMS8yMDIyLzEyLzAzLzYzOGI0OTI4Y2E0NzQxODk3MThiNDVjMS5odG1s0gFNaHR0cHM6Ly9hbXAubWFyY2EuY29tL21vdG9yL2Zvcm11bGExLzIwMjIvMTIvMDMvNjM4YjQ5MjhjYTQ3NDE4OTcxOGI0NWMxLmh0bWw?oc=5
52,sports,53,Ferrari se enreda otra vez - AS ,./TextClassification/Datos/Raw_data/sports/53.txt,https://news.google.com/__i/rss/rd/articles/CBMiPGh0dHBzOi8vYXMuY29tL21vdG9yL2Zvcm11bGFfMS9mZXJyYXJpLXNlLWVucmVkYS1vdHJhLXZlei1uL9IBAA?oc=5
53,sports,54,Marko no cree en Pérez para pelear el campeonato en 2023 - Car and Driver ,./TextClassification/Datos/Raw_data/sports/54.txt,https://news.google.com/__i/rss/rd/articles/CBMiZGh0dHBzOi8vd3d3LmNhcmFuZGRyaXZlci5jb20vZXMvZm9ybXVsYS0xL2E0MjE0MjUyNS9tYXJrby1uby1jcmVlLXBlcmV6LXBhcmEtcGVsZWFyLWNhbXBlb25hdG8tMjAyMy_SAQA?oc=5
54,sports,55,"Álex Palou, confirmado como piloto reserva de McLaren en 2023 - Marca",./TextClassification/Datos/Raw_data/sports/55.txt,https://news.google.com/__i/rss/rd/articles/CBMiTWh0dHBzOi8vd3d3Lm1hcmNhLmNvbS9tb3Rvci9mb3JtdWxhMS8yMDIyLzEyLzAxLzYzODhiZTA4MjY4ZTNlYmE1MjhiNDVjZC5odG1s0gFNaHR0cHM6Ly9hbXAubWFyY2EuY29tL21vdG9yL2Zvcm11bGExLzIwMjIvMTIvMDEvNjM4OGJlMDgyNjhlM2ViYTUyOGI0NWNkLmh0bWw?oc=5
55,sports,56,Domenicali: “Fernando Alonso está supermotivado” - AS ,./TextClassification/Datos/Raw_data/sports/56.txt,https://news.google.com/__i/rss/rd/articles/CBMiRWh0dHBzOi8vYXMuY29tL21vdG9yL2RvbWVuaWNhbGktZmVybmFuZG8tYWxvbnNvLWVzdGEtc3VwZXJtb3RpdmFkby1uL9IBVGh0dHBzOi8vYXMuY29tL21vdG9yL2RvbWVuaWNhbGktZmVybmFuZG8tYWxvbnNvLWVzdGEtc3VwZXJtb3RpdmFkby1uLz9vdXRwdXRUeXBlPWFtcA?oc=5
56,sports,57,Leclerc explica por qué sus duelos con Max son más limpios - Car and Driver ,./TextClassification/Datos/Raw_data/sports/57.txt,https://news.google.com/__i/rss/rd/articles/CBMibmh0dHBzOi8vd3d3LmNhcmFuZGRyaXZlci5jb20vZXMvZm9ybXVsYS0xL2E0MjEzOTY3Mi9sZWNsZXJjLWV4cGxpY2EtcG9yLXF1ZS1kdWVsb3MtdmVyc3RhcHBlbi1zb24tbWFzLWxpbXBpb3Mv0gEA?oc=5
57,sports,58,El 'efecto Alonso' transforma a Aston Martin - Marca,./TextClassification/Datos/Raw_data/sports/58.txt,https://news.google.com/__i/rss/rd/articles/CBMiTWh0dHBzOi8vd3d3Lm1hcmNhLmNvbS9tb3Rvci9mb3JtdWxhMS8yMDIyLzExLzI5LzYzODVkOTg0ZTI3MDRlMmUxODhiNDU3NS5odG1s0gFNaHR0cHM6Ly9hbXAubWFyY2EuY29tL21vdG9yL2Zvcm11bGExLzIwMjIvMTEvMjkvNjM4NWQ5ODRlMjcwNGUyZTE4OGI0NTc1Lmh0bWw?oc=5
58,sports,59,De jefe de estrategia de Mercedes en F1 a piloto de resistencia - Motorsport.com - ES,./TextClassification/Datos/Raw_data/sports/59.txt,https://news.google.com/__i/rss/rd/articles/CBMiV2h0dHBzOi8vZXMubW90b3JzcG9ydC5jb20vZjEvbmV3cy9qZWZlLWVzdHJhdGVnaWEtbWVyY2VkZXMtcGlsb3RvLXJlc2lzdGVuY2lhLzEwNDA3MzQzL9IBAA?oc=5
59,sports,60,Ferrari aclara las teorías sobre su degradación en la F1 2022 - Motorsport.com - ES,./TextClassification/Datos/Raw_data/sports/60.txt,https://news.google.com/__i/rss/rd/articles/CBMiWGh0dHBzOi8vZXMubW90b3JzcG9ydC5jb20vZjEvbmV3cy9mZXJyYXJpLWRlZ3JhZGFjaW9uLW5ldW1hdGljb3MtZm9ybXVsYTEtMjAyMi8xMDQwNzE1MC_SAQA?oc=5
60,health,1,UNAM se suma a la lucha contra el SIDA con iluminación roja de la Rectoría y Biblioteca Central - ContraRéplica,./TextClassification/Datos/Raw_data/health/1.txt,https://news.google.com/__i/rss/rd/articles/CBMiiwFodHRwczovL3d3dy5jb250cmFyZXBsaWNhLm14L25vdGEtVU5BTS1zZS1zdW1hLWEtbGEtbHVjaGEtY29udHJhLWVsLVNJREEtY29uLWlsdW1pbmFjaW9uLXJvamEtZGUtbGEtUmVjdG9yaWEteS1CaWJsaW90ZWNhLUNlbnRyYWwtLTIwMjIyMTI30gGPAWh0dHBzOi8vd3d3LmNvbnRyYXJlcGxpY2EubXgvYW1wL25vdGEtVU5BTS1zZS1zdW1hLWEtbGEtbHVjaGEtY29udHJhLWVsLVNJREEtY29uLWlsdW1pbmFjaW9uLXJvamEtZGUtbGEtUmVjdG9yaWEteS1CaWJsaW90ZWNhLUNlbnRyYWwtLTIwMjIyMTI3?oc=5
61,health,2,Europa recomienda retirar los fármacos con folcodina para tos - Redacción Médica,./TextClassification/Datos/Raw_data/health/2.txt,https://news.google.com/__i/rss/rd/articles/CBMifmh0dHBzOi8vd3d3LnJlZGFjY2lvbm1lZGljYS5jb20vc2VjY2lvbmVzL2luZHVzdHJpYS9ldXJvcGEtcmVjb21pZW5kYS1yZXRpcmFyLWxvcy1mYXJtYWNvcy1jb24tZm9sY29kaW5hLXBhcmEtbGEtdG9zLXNlY2EtNjY4M9IBfmh0dHBzOi8vYW1wLnJlZGFjY2lvbm1lZGljYS5jb20vc2VjY2lvbmVzL2luZHVzdHJpYS9ldXJvcGEtcmVjb21pZW5kYS1yZXRpcmFyLWxvcy1mYXJtYWNvcy1jb24tZm9sY29kaW5hLXBhcmEtbGEtdG9zLXNlY2EtNjY4Mw?oc=5
62,health,3,"Covid, gripe, resfriado o bronquiolitis: síntomas y cómo diferenciarlos - Onda Cero",./TextClassification/Datos/Raw_data/health/3.txt,https://news.google.com/__i/rss/rd/articles/CBMikAFodHRwczovL3d3dy5vbmRhY2Vyby5lcy9ub3RpY2lhcy9zb2NpZWRhZC9jb3ZpZC1ncmlwZS1yZXNmcmlhZG8tYnJvbnF1aW9saXRpcy1zaW50b21hcy1jb21vLWRpZmVyZW5jaWFybG9zXzIwMjIxMjA0NjM4YzNmOGNhZDhiYzEwMDAxYzQ2YjVjLmh0bWzSAZABaHR0cHM6Ly9hbXAub25kYWNlcm8uZXMvbm90aWNpYXMvc29jaWVkYWQvY292aWQtZ3JpcGUtcmVzZnJpYWRvLWJyb25xdWlvbGl0aXMtc2ludG9tYXMtY29tby1kaWZlcmVuY2lhcmxvc18yMDIyMTIwNDYzOGMzZjhjYWQ4YmMxMDAwMWM0NmI1Yy5odG1s?oc=5
63,health,4,Los seis síntomas que pueden alertar de un común tipo de cáncer - 20minutos.es,./TextClassification/Datos/Raw_data/health/4.txt,https://news.google.com/__i/rss/rd/articles/CBMiUWh0dHBzOi8vd3d3LjIwbWludXRvcy5lcy9zYWx1ZC9zaW50b21hcy1wdWVkZW4tYWxlcnRhci1jb211bi10aXBvLWNhbmNlci01MDgyMDUyL9IBAA?oc=5
64,health,5,Conoce algunos de los remedios que ayudan a tratar enfermedades respiratorias como la bronquiolitis - Antena 3 Noticias,./TextClassification/Datos/Raw_data/health/5.txt,https://news.google.com/__i/rss/rd/articles/CBMipAFodHRwczovL3d3dy5hbnRlbmEzLmNvbS9ub3RpY2lhcy9zYWx1ZC9jb25vY2UtYWxndW5vcy1yZW1lZGlvcy1xdWUtYXl1ZGFuLXRyYXRhci1lbmZlcm1lZGFkZXMtcmVzcGlyYXRvcmlhcy1jb21vLWJyb25xdWlvbGl0aXNfMjAyMjEyMDQ2MzhjOWZkYjFlZWQ1YTAwMDE0ZmE0ZTYuaHRtbNIBpAFodHRwczovL2FtcC5hbnRlbmEzLmNvbS9ub3RpY2lhcy9zYWx1ZC9jb25vY2UtYWxndW5vcy1yZW1lZGlvcy1xdWUtYXl1ZGFuLXRyYXRhci1lbmZlcm1lZGFkZXMtcmVzcGlyYXRvcmlhcy1jb21vLWJyb25xdWlvbGl0aXNfMjAyMjEyMDQ2MzhjOWZkYjFlZWQ1YTAwMDE0ZmE0ZTYuaHRtbA?oc=5
65,health,6,Cuatro décadas de VIH: el virus ya no mata pero todavía permanece el estigma - laSexta,./TextClassification/Datos/Raw_data/health/6.txt,https://news.google.com/__i/rss/rd/articles/CBMijAFodHRwczovL3d3dy5sYXNleHRhLmNvbS9ub3RpY2lhcy9zb2NpZWRhZC9jdWF0cm8tZGVjYWRhcy12aWgtdmlydXMtbWF0YS1wZXJvLXRvZGF2aWEtcGVybWFuZWNlLWVzdGlnbWFfMjAyMjEyMDQ2MzhjYWJkOTE1OGJmMjAwMDExMTdmZGIuaHRtbNIBjAFodHRwczovL2FtcC5sYXNleHRhLmNvbS9ub3RpY2lhcy9zb2NpZWRhZC9jdWF0cm8tZGVjYWRhcy12aWgtdmlydXMtbWF0YS1wZXJvLXRvZGF2aWEtcGVybWFuZWNlLWVzdGlnbWFfMjAyMjEyMDQ2MzhjYWJkOTE1OGJmMjAwMDExMTdmZGIuaHRtbA?oc=5
66,health,7,"Estas actividades rejuvenecen tu cerebro 13 años de media, según la ciencia - Business Insider España",./TextClassification/Datos/Raw_data/health/7.txt,https://news.google.com/__i/rss/rd/articles/CBMiYmh0dHBzOi8vd3d3LmJ1c2luZXNzaW5zaWRlci5lcy9lc3Rhcy1hY3RpdmlkYWRlcy1yZWp1dmVuZWNlbi1jZXJlYnJvLTEzLWFub3MtbWVkaWEtY2llbmNpYS0xMDk5NzIx0gEA?oc=5
67,health,8,Los sorprendentes beneficios para la salud de caminar hacia atrás - Periodismo.com,./TextClassification/Datos/Raw_data/health/8.txt,https://news.google.com/__i/rss/rd/articles/CBMiYmh0dHBzOi8vd3d3LnBlcmlvZGlzbW8uY29tL2xpbmsvbG9zLXNvcnByZW5kZW50ZXMtYmVuZWZpY2lvcy1wYXJhLWxhLXNhbHVkLWRlLWNhbWluYXItaGFjaWEtYXRyYXMv0gEA?oc=5
68,health,9,Los antidepresivos pueden no mejorar la calidad de vida a largo plazo - MUNDO DEPORTIVO,./TextClassification/Datos/Raw_data/health/9.txt,https://news.google.com/__i/rss/rd/articles/CBMidWh0dHBzOi8vd3d3Lm11bmRvZGVwb3J0aXZvLmNvbS92aWRhZS9zYWx1ZC8yMDIyMTIwNC8xMDAxOTAyNDg3L2FudGlkZXByZXNpdm9zLW1lam9yYXItY2FsaWRhZC12aWRhLXBsYXpvLWFjdC1wYXUuaHRtbNIBf2h0dHBzOi8vd3d3Lm11bmRvZGVwb3J0aXZvLmNvbS92aWRhZS9zYWx1ZC8yMDIyMTIwNC8xMDAxOTAyNDg3L2FudGlkZXByZXNpdm9zLW1lam9yYXItY2FsaWRhZC12aWRhLXBsYXpvLWFjdC1wYXUuaHRtbD9mYWNldD1hbXA?oc=5
69,health,10,¿La bronquiolitis puede dejar secuelas en la salud infantil? - Ser Padres,./TextClassification/Datos/Raw_data/health/10.txt,https://news.google.com/__i/rss/rd/articles/CBMiKWh0dHBzOi8vd3d3LnNlcnBhZHJlcy5lcy9zYWx1ZC80MzQ3OS5odG1s0gEtaHR0cHM6Ly93d3cuc2VycGFkcmVzLmVzL3NhbHVkLzQzNDc5X2FtcC5odG1s?oc=5
70,health,11,15 recetas con nueces para aprovechar todos los beneficios de este fruto seco de temporada - Vitónica,./TextClassification/Datos/Raw_data/health/11.txt,https://news.google.com/__i/rss/rd/articles/CBMieGh0dHBzOi8vd3d3LnZpdG9uaWNhLmNvbS9yZWNldGFzLXNhbHVkYWJsZXMvMTUtcmVjZXRhcy1udWVjZXMtcGFyYS1hcHJvdmVjaGFyLXRvZG9zLWJlbmVmaWNpb3MtZXN0ZS1mcnV0by1zZWNvLXRlbXBvcmFkYdIBfGh0dHBzOi8vd3d3LnZpdG9uaWNhLmNvbS9yZWNldGFzLXNhbHVkYWJsZXMvMTUtcmVjZXRhcy1udWVjZXMtcGFyYS1hcHJvdmVjaGFyLXRvZG9zLWJlbmVmaWNpb3MtZXN0ZS1mcnV0by1zZWNvLXRlbXBvcmFkYS9hbXA?oc=5
71,health,12,¿Es cierto que comer rápido hace que engordemos más? - Deia,./TextClassification/Datos/Raw_data/health/12.txt,https://news.google.com/__i/rss/rd/articles/CBMiSmh0dHBzOi8vd3d3LmRlaWEuZXVzL3NhbHVkLzIwMjIvMTIvMDQvY29tZXItcmFwaWRvLWVuZ29yZGVtb3MtNjI3OTUwMy5odG1s0gFOaHR0cHM6Ly93d3cuZGVpYS5ldXMvc2FsdWQvMjAyMi8xMi8wNC9jb21lci1yYXBpZG8tZW5nb3JkZW1vcy02Mjc5NTAzLmFtcC5odG1s?oc=5
72,health,13,Coosalud EPS conmemora el Día Mundial de la Lucha Contra el Sida - Caracol Radio,./TextClassification/Datos/Raw_data/health/13.txt,https://news.google.com/__i/rss/rd/articles/CBMiY2h0dHBzOi8vY2FyYWNvbC5jb20uY28vMjAyMi8xMi8wMi9jb29zYWx1ZC1lcHMtY29ubWVtb3JhLWVsLWRpYS1tdW5kaWFsLWRlLWxhLWx1Y2hhLWNvbnRyYS1lbC1zaWRhL9IBdmh0dHBzOi8vY2FyYWNvbC5jb20uY28vYW1wLzIwMjIvMTIvMDIvY29vc2FsdWQtZXBzLWNvbm1lbW9yYS1lbC1kaWEtbXVuZGlhbC1kZS1sYS1sdWNoYS1jb250cmEtZWwtc2lkYS8_b3V0cHV0VHlwZT1hbXA?oc=5
73,health,14,"Maite Garolera: «Las alteraciones cognitivas provocadas por la COVID-19 son leves, pero su repercusión social y económica es muy importante» - La Voz de Medina Digital",./TextClassification/Datos/Raw_data/health/14.txt,https://news.google.com/__i/rss/rd/articles/CBMiwAFodHRwczovL3d3dy5sYXZvemRlbWVkaW5hZGlnaXRhbC5jb20vd29yZHByZXNzLzIwMjIvMTIvbWFpdGUtZ2Fyb2xlcmEtbGFzLWFsdGVyYWNpb25lcy1jb2duaXRpdmFzLXByb3ZvY2FkYXMtcG9yLWxhLWNvdmlkLTE5LXNvbi1sZXZlcy1wZXJvLXN1LXJlcGVyY3VzaW9uLXNvY2lhbC15LWVjb25vbWljYS1lcy1tdXktaW1wb3J0YW50ZS_SAQA?oc=5
74,health,15,Todo lo que puede ir mal en el espacio: Peligros de la exploración espacial - La Razón,./TextClassification/Datos/Raw_data/health/15.txt,https://news.google.com/__i/rss/rd/articles/CBMiR2h0dHBzOi8vd3d3LmxhcmF6b24uZXMvY2llbmNpYS8yMDIyMTIwNC9yems1YXcyZWFmZWRkanN4cWh0M3FrcGNmZS5odG1s0gEA?oc=5
75,health,16,MBST® Resonancia Terapéutica: Nuevas alternativas para el tratamiento de la osteoporosis y la artrosis - La Razón,./TextClassification/Datos/Raw_data/health/16.txt,https://news.google.com/__i/rss/rd/articles/CBMiSmh0dHBzOi8vd3d3LmxhcmF6b24uZXMvbHItY29udGVudC8yMDIyMTIwNC9uNno1cno2YmlqZWNoZ2FyenNvbGlteGhscS5odG1s0gFZaHR0cHM6Ly93d3cubGFyYXpvbi5lcy9sci1jb250ZW50LzIwMjIxMjA0L242ejVyejZiaWplY2hnYXJ6c29saW14aGxxLmh0bWw_b3V0cHV0VHlwZT1hbXA?oc=5
76,health,17,Qué medicamentos tomar y cuáles no si tengo la gripe - Onda Cero,./TextClassification/Datos/Raw_data/health/17.txt,https://news.google.com/__i/rss/rd/articles/CBMif2h0dHBzOi8vd3d3Lm9uZGFjZXJvLmVzL25vdGljaWFzL3NvY2llZGFkL3F1ZS1tZWRpY2FtZW50b3MtcHVlZG8tdG9tYXItY3VhbGVzLXRlbmdvLWdyaXBlXzIwMjIxMjA0NjM4Yzc3OWQxZWVkNWEwMDAxNGY4ODRjLmh0bWzSAX9odHRwczovL2FtcC5vbmRhY2Vyby5lcy9ub3RpY2lhcy9zb2NpZWRhZC9xdWUtbWVkaWNhbWVudG9zLXB1ZWRvLXRvbWFyLWN1YWxlcy10ZW5nby1ncmlwZV8yMDIyMTIwNDYzOGM3NzlkMWVlZDVhMDAwMTRmODg0Yy5odG1s?oc=5
77,health,18,VIATRIS: “El 40% de las personas con VIH en el mundo usa un tratamiento nuestro” - La Razón,./TextClassification/Datos/Raw_data/health/18.txt,https://news.google.com/__i/rss/rd/articles/CBMiSmh0dHBzOi8vd3d3LmxhcmF6b24uZXMvbHItY29udGVudC8yMDIyMTIwNC9wczZzNWZsd3d6aGxmbXd2aDY1dzdmbW10ZS5odG1s0gFZaHR0cHM6Ly93d3cubGFyYXpvbi5lcy9sci1jb250ZW50LzIwMjIxMjA0L3BzNnM1Zmx3d3pobGZtd3ZoNjV3N2ZtbXRlLmh0bWw_b3V0cHV0VHlwZT1hbXA?oc=5
78,health,19,Motivos por los que deberías dejar de tomar café - Qué!,./TextClassification/Datos/Raw_data/health/19.txt,https://news.google.com/__i/rss/rd/articles/CBMiN2h0dHBzOi8vd3d3LnF1ZS5lcy8yMDIyLzEyLzA0L21vdGl2b3MtZGVqYXItdG9tYXItY2FmZS_SAQA?oc=5
79,health,20,La bronquilotis. Preguntas y respuestas sobre la enfermedad que se extiende entre los niños de Castilla y León - Diario de Castilla y León,./TextClassification/Datos/Raw_data/health/20.txt,https://news.google.com/__i/rss/rd/articles/CBMiqQFodHRwczovL2RpYXJpb2RlY2FzdGlsbGF5bGVvbi5lbG11bmRvLmVzL2FydGljdWxvL2Nhc3RpbGxhLXktbGVvbi9icm9ucXVpbG90aXMtcHJlZ3VudGFzLXJlc3B1ZXN0YXMtZW5mZXJtZWRhZC1xdWUtZXh0aWVuZGUtbmlub3MtY2FzdGlsbGEtbGVvbi8yMDIyMTIwNDEzMDAyODA2MDIwNi5odG1s0gGtAWh0dHBzOi8vZGlhcmlvZGVjYXN0aWxsYXlsZW9uLmVsbXVuZG8uZXMvYXJ0aWN1bG8vY2FzdGlsbGEteS1sZW9uL2Jyb25xdWlsb3Rpcy1wcmVndW50YXMtcmVzcHVlc3Rhcy1lbmZlcm1lZGFkLXF1ZS1leHRpZW5kZS1uaW5vcy1jYXN0aWxsYS1sZW9uLzIwMjIxMjA0MTMwMDI4MDYwMjA2LmFtcC5odG1s?oc=5
80,health,21,Vicente Roig: «Hemos implantado un protocolo en el Hospital Vinalopó para evitar al máximo la infección quirúrgica» - INFORMACIÓN,./TextClassification/Datos/Raw_data/health/21.txt,https://news.google.com/__i/rss/rd/articles/CBMiYWh0dHBzOi8vd3d3LmluZm9ybWFjaW9uLmVzL2VsY2hlLzIwMjIvMTIvMDQvdmljZW50ZS1yb2lnLWhlbW9zLWltcGxhbnRhZG8tcHJvdG9jb2xvLTc5NDk0OTkyLmh0bWzSAWVodHRwczovL3d3dy5pbmZvcm1hY2lvbi5lcy9lbGNoZS8yMDIyLzEyLzA0L3ZpY2VudGUtcm9pZy1oZW1vcy1pbXBsYW50YWRvLXByb3RvY29sby03OTQ5NDk5Mi5hbXAuaHRtbA?oc=5
81,health,22,Alimentos para fortalecer las defensas con la llegada del frío - Okdiario,./TextClassification/Datos/Raw_data/health/22.txt,https://news.google.com/__i/rss/rd/articles/CBMiUmh0dHBzOi8vb2tkaWFyaW8uY29tL3NhbHVkL2FsaW1lbnRvcy1mb3J0YWxlY2VyLWRlZmVuc2FzLWxsZWdhZGEtZGVsLWZyaW8tMTAwNzEzODfSAVZodHRwczovL29rZGlhcmlvLmNvbS9zYWx1ZC9hbGltZW50b3MtZm9ydGFsZWNlci1kZWZlbnNhcy1sbGVnYWRhLWRlbC1mcmlvLTEwMDcxMzg3L2FtcA?oc=5
82,health,23,Los diagnósticos ocultos lastran la eliminación del VIH - La Razón,./TextClassification/Datos/Raw_data/health/23.txt,https://news.google.com/__i/rss/rd/articles/CBMiRWh0dHBzOi8vd3d3LmxhcmF6b24uZXMvc2FsdWQvMjAyMjEyMDQvb2drZWZqa2d1emd2bnBoZmZtMzc1eGRhaWUuaHRtbNIBVGh0dHBzOi8vd3d3LmxhcmF6b24uZXMvc2FsdWQvMjAyMjEyMDQvb2drZWZqa2d1emd2bnBoZmZtMzc1eGRhaWUuaHRtbD9vdXRwdXRUeXBlPWFtcA?oc=5
83,health,24,BRONQUIOLITIS | Los pediatras aún no respiran - Faro de Vigo,./TextClassification/Datos/Raw_data/health/24.txt,https://news.google.com/__i/rss/rd/articles/CBMiTmh0dHBzOi8vd3d3LmZhcm9kZXZpZ28uZXMvc29jaWVkYWQvMjAyMi8xMi8wNC9wZWRpYXRyYXMtcmVzcGlyYW4tNzk1MjUxMDEuaHRtbNIBAA?oc=5
84,health,25,“No se puede condenar a un paciente a pasar dolor por el hecho de ser mayor” - Diario de Cádiz,./TextClassification/Datos/Raw_data/health/25.txt,https://news.google.com/__i/rss/rd/articles/CBMiWGh0dHBzOi8vd3d3LmRpYXJpb2RlY2FkaXouZXMvY2FkaXovcHVlZGUtY29uZGVuYXItcGFjaWVudGUtcGFzYXItZG9sb3JfMF8xNzQzNDI3NzE4Lmh0bWzSAVxodHRwczovL3d3dy5kaWFyaW9kZWNhZGl6LmVzL2NhZGl6L3B1ZWRlLWNvbmRlbmFyLXBhY2llbnRlLXBhc2FyLWRvbG9yXzBfMTc0MzQyNzcxOC5hbXAuaHRtbA?oc=5
85,health,26,Qué es la degeneración macular: la enfermedad que destruye lentamente la visión - El Debate,./TextClassification/Datos/Raw_data/health/26.txt,https://news.google.com/__i/rss/rd/articles/CBMigwFodHRwczovL3d3dy5lbGRlYmF0ZS5jb20vc2FsdWQteS1iaWVuZXN0YXIvc2FsdWQvMjAyMjEyMDQvcXVlLWRlZ2VuZXJhY2lvbi1tYWN1bGFyLWVuZmVybWVkYWQtZGVzdHJ1eWUtbGVudGFtZW50ZS12aXNpb25fNzI1NjUuaHRtbNIBhwFodHRwczovL3d3dy5lbGRlYmF0ZS5jb20vc2FsdWQteS1iaWVuZXN0YXIvc2FsdWQvMjAyMjEyMDQvcXVlLWRlZ2VuZXJhY2lvbi1tYWN1bGFyLWVuZmVybWVkYWQtZGVzdHJ1eWUtbGVudGFtZW50ZS12aXNpb25fNzI1NjVfYW1wLmh0bWw?oc=5
86,health,27,Sexualidad sana tras el parto - Diario de Ávila,./TextClassification/Datos/Raw_data/health/27.txt,https://news.google.com/__i/rss/rd/articles/CBMibmh0dHBzOi8vd3d3LmRpYXJpb2RlYXZpbGEuZXMvTm90aWNpYS9aM0UwOEEzMDktQkE1Mi1DOEM0LTA2MTQyNkU0RjBEODNCMTEvMjAyMjEyL1NleHVhbGlkYWQtc2FuYS10cmFzLWVsLXBhcnRv0gFyaHR0cHM6Ly93d3cuZGlhcmlvZGVhdmlsYS5lcy9hbXAvbm90aWNpYS96M2UwOGEzMDktYmE1Mi1jOGM0LTA2MTQyNmU0ZjBkODNiMTEvMjAyMjEyL3NleHVhbGlkYWQtc2FuYS10cmFzLWVsLXBhcnRv?oc=5
87,health,28,La marihuana no te hace ser más creativo - Alimente,./TextClassification/Datos/Raw_data/health/28.txt,https://news.google.com/__i/rss/rd/articles/CBMicWh0dHBzOi8vd3d3LmFsaW1lbnRlLmVsY29uZmlkZW5jaWFsLmNvbS9iaWVuZXN0YXIvMjAyMi0xMi0wNC9tYXJpaHVhbmEtY2FubmFiaXMtZHJvZ2FzLWNyZWF0aXZpZGFkLW1pdG9zXzM1MjYyMjkv0gEA?oc=5
88,health,29,"Las mascarillas quirúrgicas no son inferiores a las FFP2, según un estudio - El Debate",./TextClassification/Datos/Raw_data/health/29.txt,https://news.google.com/__i/rss/rd/articles/CBMigQFodHRwczovL3d3dy5lbGRlYmF0ZS5jb20vc2FsdWQteS1iaWVuZXN0YXIvc2FsdWQvMjAyMjEyMDQvbWFzY2FyaWxsYXMtcXVpcnVyZ2ljYXMtbm8tc29uLWluZmVyaW9yZXMtZmZwMi1zZWd1bi1lc3R1ZGlvXzc2NzI2Lmh0bWzSAYUBaHR0cHM6Ly93d3cuZWxkZWJhdGUuY29tL3NhbHVkLXktYmllbmVzdGFyL3NhbHVkLzIwMjIxMjA0L21hc2NhcmlsbGFzLXF1aXJ1cmdpY2FzLW5vLXNvbi1pbmZlcmlvcmVzLWZmcDItc2VndW4tZXN0dWRpb183NjcyNl9hbXAuaHRtbA?oc=5
89,health,30,Seis niños mueren en el Reino Unido por un brote de la bacteria “Strep A” - TRT Español,./TextClassification/Datos/Raw_data/health/30.txt,https://news.google.com/__i/rss/rd/articles/CBMihgFodHRwczovL3d3dy50cnQubmV0LnRyL2VzcGFub2wvdmlkYS15LXNhbHVkLzIwMjIvMTIvMDQvc2Vpcy1uaW5vcy1tdWVyZW4tZW4tZWwtcmVpbm8tdW5pZG8tcG9yLXVuLWJyb3RlLWRlLWxhLWJhY3RlcmlhLXN0cmVwLWEtMTkxNDMzN9IBAA?oc=5
90,health,31,Vivir con síndrome de Marfan: “Llevamos una mochila cargada de pérdidas familiares” - Newtral,./TextClassification/Datos/Raw_data/health/31.txt,https://news.google.com/__i/rss/rd/articles/CBMiM2h0dHBzOi8vd3d3Lm5ld3RyYWwuZXMvc2luZHJvbWUtZGUtbWFyZmFuLzIwMjIxMjAzL9IBAA?oc=5
91,health,32,"Bill Hansson, experto en olfato: “No compres feromonas para intentar conseguir sexo, no funciona. Mejor trabaja en tu personalidad” - EL PAÍS",./TextClassification/Datos/Raw_data/health/32.txt,https://news.google.com/__i/rss/rd/articles/CBMiqAFodHRwczovL2VscGFpcy5jb20vY2llbmNpYS8yMDIyLTEyLTAzL2JpbGwtaGFuc3Nvbi1leHBlcnRvLWVuLW9sZmF0by1uby1jb21wcmVzLWZlcm9tb25hcy1wYXJhLWludGVudGFyLWNvbnNlZ3Vpci1zZXhvLW5vLWZ1bmNpb25hLW1lam9yLXRyYWJhamEtZW4tdHUtcGVyc29uYWxpZGFkLmh0bWzSAbcBaHR0cHM6Ly9lbHBhaXMuY29tL2NpZW5jaWEvMjAyMi0xMi0wMy9iaWxsLWhhbnNzb24tZXhwZXJ0by1lbi1vbGZhdG8tbm8tY29tcHJlcy1mZXJvbW9uYXMtcGFyYS1pbnRlbnRhci1jb25zZWd1aXItc2V4by1uby1mdW5jaW9uYS1tZWpvci10cmFiYWphLWVuLXR1LXBlcnNvbmFsaWRhZC5odG1sP291dHB1dFR5cGU9YW1w?oc=5
92,health,33,Los 5 alimentos populares en España relacionados con el alzhéimer: la alerta de una médica de Harvard - EL ESPAÑOL,./TextClassification/Datos/Raw_data/health/33.txt,https://news.google.com/__i/rss/rd/articles/CBMihgFodHRwczovL3d3dy5lbGVzcGFub2wuY29tL2NpZW5jaWEvbnV0cmljaW9uLzIwMjIxMjA0L2FsaW1lbnRvcy1wb3B1bGFyZXMtZXNwYW5hLXJlbGFjaW9uYWRvcy1hbHpoZWltZXItYWxlcnRhLWhhcnZhcmQvNzIyNjc3OTUzXzAuaHRtbNIBigFodHRwczovL3d3dy5lbGVzcGFub2wuY29tL2NpZW5jaWEvbnV0cmljaW9uLzIwMjIxMjA0L2FsaW1lbnRvcy1wb3B1bGFyZXMtZXNwYW5hLXJlbGFjaW9uYWRvcy1hbHpoZWltZXItYWxlcnRhLWhhcnZhcmQvNzIyNjc3OTUzXzAuYW1wLmh0bWw?oc=5
93,health,34,Mª Carmen Ruiz Cantero: “El dolor es una patología muy incapacitante” - El Periódico,./TextClassification/Datos/Raw_data/health/34.txt,https://news.google.com/__i/rss/rd/articles/CBMiZGh0dHBzOi8vd3d3LmVscGVyaW9kaWNvLmNvbS9lcy9zb2NpZWRhZC8yMDIyMTIwMi9ydWl6LWNhbnRlcm8tZG9sb3ItcGF0b2xvZ2lhLWluY2FwYWNpdGFudGUtNzkzODc0NjjSAWRodHRwczovL2FtcC5lbHBlcmlvZGljby5jb20vZXMvc29jaWVkYWQvMjAyMjEyMDIvcnVpei1jYW50ZXJvLWRvbG9yLXBhdG9sb2dpYS1pbmNhcGFjaXRhbnRlLTc5Mzg3NDY4?oc=5
94,health,35,¿Qué trastorno se esconde detrás de morderse las uñas? - EL ESPAÑOL,./TextClassification/Datos/Raw_data/health/35.txt,https://news.google.com/__i/rss/rd/articles/CBMiW2h0dHBzOi8vd3d3LmVsZXNwYW5vbC5jb20vbXVqZXIvMjAyMjEyMDQvdHJhc3Rvcm5vLWVzY29uZGUtZGV0cmFzLW1vcmRlcnNlLzcyMjQyNzgzMF8wLmh0bWzSAV9odHRwczovL3d3dy5lbGVzcGFub2wuY29tL211amVyLzIwMjIxMjA0L3RyYXN0b3Juby1lc2NvbmRlLWRldHJhcy1tb3JkZXJzZS83MjI0Mjc4MzBfMC5hbXAuaHRtbA?oc=5
95,health,36,Cuatro alimentos con fama de saludables que están debilitando tu sistema inmune - EL ESPAÑOL,./TextClassification/Datos/Raw_data/health/36.txt,https://news.google.com/__i/rss/rd/articles/CBMiemh0dHBzOi8vd3d3LmVsZXNwYW5vbC5jb20vY2llbmNpYS9udXRyaWNpb24vMjAyMjEyMDQvYWxpbWVudG9zLWZhbWEtc2FsdWRhYmxlcy1kZWJpbGl0YW5kby1zaXN0ZW1hLWlubXVuZS83MjI5MjgwNjhfMC5odG1s0gF-aHR0cHM6Ly93d3cuZWxlc3Bhbm9sLmNvbS9jaWVuY2lhL251dHJpY2lvbi8yMDIyMTIwNC9hbGltZW50b3MtZmFtYS1zYWx1ZGFibGVzLWRlYmlsaXRhbmRvLXNpc3RlbWEtaW5tdW5lLzcyMjkyODA2OF8wLmFtcC5odG1s?oc=5
96,health,37,"Hallan virus ""zombie"" que estuvo 48 mil 500 años congelado en Siberia - MSN",./TextClassification/Datos/Raw_data/health/37.txt,https://news.google.com/__i/rss/rd/articles/CBMiiAFodHRwczovL3d3dy5tc24uY29tL2VzLW14L25vdGljaWFzL211bmRvL2hhbGxhbi12aXJ1cy16b21iaWUtcXVlLWVzdHV2by00OC1taWwtNTAwLWElQzMlQjFvcy1jb25nZWxhZG8tZW4tc2liZXJpYS9hci1BQTE0UldRUT9saT1BQWdnWEJO0gEA?oc=5
97,health,38,"""Tenemos una epidemia de cáncer y corremos el riesgo de perder avances extraordinarios"" - El Independiente",./TextClassification/Datos/Raw_data/health/38.txt,https://news.google.com/__i/rss/rd/articles/CBMikAFodHRwczovL3d3dy5lbGluZGVwZW5kaWVudGUuY29tL3ZpZGEtc2FuYS9zYWx1ZC8yMDIyLzEyLzA0L3RlbmVtb3MtdW4tZXBpZGVtaWEtZGUtY2FuY2VyLXktY29ycmVtb3MtZWwtcmllc2dvLWRlLXBlcmRlci1hdmFuY2VzLWV4dHJhb3JkaW5hcmlvcy_SAQA?oc=5
98,health,39,"Falta de tratamiento contra VIH, uno de los principales motivos de defunciones - NotiPress",./TextClassification/Datos/Raw_data/health/39.txt,https://news.google.com/__i/rss/rd/articles/CBMiVWh0dHBzOi8vbm90aXByZXNzLm14L3ZpZGEvZmFsdGEtdHJhdGFtaWVudG8tdmloLXByaW5jaXBhbGVzLW1vdGl2b3MtZGVmdW5jaW9uZXMtMTMxMTfSAVlodHRwczovL25vdGlwcmVzcy5teC92aWRhL2ZhbHRhLXRyYXRhbWllbnRvLXZpaC1wcmluY2lwYWxlcy1tb3Rpdm9zLWRlZnVuY2lvbmVzL2FtcC8xMzExNw?oc=5
99,health,40,Recoletas refuerza el diagnóstico oncológico con un PET-TC - El Día de Valladolid,./TextClassification/Datos/Raw_data/health/40.txt,https://news.google.com/__i/rss/rd/articles/CBMikAFodHRwczovL3d3dy5lbGRpYWRldmFsbGFkb2xpZC5jb20vTm90aWNpYS9aODM5NjVBNTEtMDU3NS1COUI4LUM3NTI1ODBGOTNDNThDNkIvMjAyMjEyL1JlY29sZXRhcy1yZWZ1ZXJ6YS1lbC1kaWFnbm9zdGljby1vbmNvbG9naWNvLWNvbi11bi1QRVQtVEPSAZQBaHR0cHM6Ly93d3cuZWxkaWFkZXZhbGxhZG9saWQuY29tL2FtcC9ub3RpY2lhL3o4Mzk2NWE1MS0wNTc1LWI5YjgtYzc1MjU4MGY5M2M1OGM2Yi8yMDIyMTIvcmVjb2xldGFzLXJlZnVlcnphLWVsLWRpYWdub3N0aWNvLW9uY29sb2dpY28tY29uLXVuLXBldC10Yw?oc=5
100,health,41,Cicatrices en el pulmón: otra secuela más de la covid - El Debate,./TextClassification/Datos/Raw_data/health/41.txt,https://news.google.com/__i/rss/rd/articles/CBMicWh0dHBzOi8vd3d3LmVsZGViYXRlLmNvbS9zb2NpZWRhZC8yMDIyMTIwMy9wZXJzb25hcy1ob3NwaXRhbGl6YWRhcy1jb3ZpZC1wb2RyaWFuLXRlbmVyLWNpY2F0cml6LXB1bG1vbl83NzM5MS5odG1s0gF1aHR0cHM6Ly93d3cuZWxkZWJhdGUuY29tL3NvY2llZGFkLzIwMjIxMjAzL3BlcnNvbmFzLWhvc3BpdGFsaXphZGFzLWNvdmlkLXBvZHJpYW4tdGVuZXItY2ljYXRyaXotcHVsbW9uXzc3MzkxX2FtcC5odG1s?oc=5
101,health,42,El mejor superalimento fitness para adelgazar y aumentar el músculo según la ciencia - Superdeporte,./TextClassification/Datos/Raw_data/health/42.txt,https://news.google.com/__i/rss/rd/articles/CBMigAFodHRwczovL3d3dy5zdXBlcmRlcG9ydGUuZXMvZnVlcmEtZGUtanVlZ28vc2FsdWQvZml0bmVzcy8yMDIyLzEyLzAzL21lam9yLXN1cGVyYWxpbWVudG8tZml0bmVzcy1hZGVsZ2F6YXItYXVtZW50YXItNzg1NDczMzUuaHRtbNIBhAFodHRwczovL3d3dy5zdXBlcmRlcG9ydGUuZXMvZnVlcmEtZGUtanVlZ28vc2FsdWQvZml0bmVzcy8yMDIyLzEyLzAzL21lam9yLXN1cGVyYWxpbWVudG8tZml0bmVzcy1hZGVsZ2F6YXItYXVtZW50YXItNzg1NDczMzUuYW1wLmh0bWw?oc=5
102,health,43,"Anemia, cada vez más frecuente en niños y adolescentes - Okdiario",./TextClassification/Datos/Raw_data/health/43.txt,https://news.google.com/__i/rss/rd/articles/CBMiVGh0dHBzOi8vb2tkaWFyaW8uY29tL3NhbHVkL2FuZW1pYS1jYWRhLXZlei1tYXMtZnJlY3VlbnRlLW5pbm9zLWFkb2xlc2NlbnRlcy0xMDEwMDA4N9IBWGh0dHBzOi8vb2tkaWFyaW8uY29tL3NhbHVkL2FuZW1pYS1jYWRhLXZlei1tYXMtZnJlY3VlbnRlLW5pbm9zLWFkb2xlc2NlbnRlcy0xMDEwMDA4Ny9hbXA?oc=5
103,health,44,Aceite de oliva y cáncer - asajajaen.com,./TextClassification/Datos/Raw_data/health/44.txt,https://news.google.com/__i/rss/rd/articles/CBMiTGh0dHBzOi8vd3d3LmFzYWphamFlbi5jb20vY29uc3VtYS1wcm9kdWN0b3MtZGUtamFlbi9hY2VpdGUtZGUtb2xpdmEteS1jYW5jZXLSAQA?oc=5
104,health,45,OMS cambia el nombre de la viruela del mono a mpox en todos los idiomas - Medicina y Salud Publica,./TextClassification/Datos/Raw_data/health/45.txt,https://news.google.com/__i/rss/rd/articles/CBMihgFodHRwczovL21lZGljaW5heXNhbHVkcHVibGljYS5jb20vbm90aWNpYXMvc2FsdWQtcHVibGljYS9vbXMtY2FtYmlhLWVsLW5vbWJyZS1kZS1sYS12aXJ1ZWxhLWRlbC1tb25vLWEtbXBveC1lbi10b2Rvcy1sb3MtaWRpb21hcy8xNjk5M9IBigFodHRwczovL21lZGljaW5heXNhbHVkcHVibGljYS5jb20vYW1wL25vdGljaWFzL3NhbHVkLXB1YmxpY2Evb21zLWNhbWJpYS1lbC1ub21icmUtZGUtbGEtdmlydWVsYS1kZWwtbW9uby1hLW1wb3gtZW4tdG9kb3MtbG9zLWlkaW9tYXMvMTY5OTM?oc=5
105,health,46,Detectan envejecimiento prematuro en cerebros adolescentes tras la pandemia - Faro de Vigo,./TextClassification/Datos/Raw_data/health/46.txt,https://news.google.com/__i/rss/rd/articles/CBMic2h0dHBzOi8vd3d3LmZhcm9kZXZpZ28uZXMvc29jaWVkYWQvMjAyMi8xMi8wMy9kZXRlY3Rhbi1lbnZlamVjaW1pZW50by1wcmVtYXR1cm8tY2VyZWJyb3MtYWRvbGVzY2VudGVzLTc5NDg0ODAyLmh0bWzSAXdodHRwczovL3d3dy5mYXJvZGV2aWdvLmVzL3NvY2llZGFkLzIwMjIvMTIvMDMvZGV0ZWN0YW4tZW52ZWplY2ltaWVudG8tcHJlbWF0dXJvLWNlcmVicm9zLWFkb2xlc2NlbnRlcy03OTQ4NDgwMi5hbXAuaHRtbA?oc=5
106,health,47,Beber café afecta el colesterol. Te contamos cómo lo hace - MUI Kitchen,./TextClassification/Datos/Raw_data/health/47.txt,https://news.google.com/__i/rss/rd/articles/CBMiaWh0dHBzOi8vbXVpLmtpdGNoZW4vbm90aWNpYXMvQmViZXItY2FmZS1hZmVjdGEtZWwtY29sZXN0ZXJvbC4tVGUtY29udGFtb3MtY29tby1sby1oYWNlLTIwMjIxMjAzLTAwMTkuaHRtbNIBaWh0dHBzOi8vbXVpLmtpdGNoZW4vbm90aWNpYXMvQmViZXItY2FmZS1hZmVjdGEtZWwtY29sZXN0ZXJvbC4tVGUtY29udGFtb3MtY29tby1sby1oYWNlLTIwMjIxMjAzLTAwMTkuaHRtbA?oc=5
107,health,48,¿Debo entrenar si estoy enfermo? - Planeta Triatlón,./TextClassification/Datos/Raw_data/health/48.txt,https://news.google.com/__i/rss/rd/articles/CBMiLWh0dHBzOi8vcGxhbmV0YXRyaWF0bG9uLmNvbS9lbnRyZW5hci1lbmZlcm1vL9IBAA?oc=5
108,health,49,¿Cuáles son los beneficios de la rehabilitación después de una cirugía estética? - Murcia.com,./TextClassification/Datos/Raw_data/health/49.txt,https://news.google.com/__i/rss/rd/articles/CBMihgFodHRwczovL3d3dy5tdXJjaWEuY29tL2VtcHJlc2FzL25vdGljaWFzLzIwMjIvMTIvMDMtY3VhbGVzLXNvbi1sb3MtYmVuZWZpY2lvcy1kZS1sYS1yZWhhYmlsaXRhY2lvbi1kZXNwdWVzLWRlLXVuYS1jaXJ1Z2lhLWVzdGV0aWNhLmFzcNIBhQFodHRwOi8vYW1wLm11cmNpYS5jb20vZW1wcmVzYXMvbm90aWNpYXMvMjAyMi8xMi8wMy1jdWFsZXMtc29uLWxvcy1iZW5lZmljaW9zLWRlLWxhLXJlaGFiaWxpdGFjaW9uLWRlc3B1ZXMtZGUtdW5hLWNpcnVnaWEtZXN0ZXRpY2EuYXNw?oc=5
109,health,50,La dieta que reduce en un 10% el riesgo de enfermedad cardiovascular - 20minutos.es,./TextClassification/Datos/Raw_data/health/50.txt,https://news.google.com/__i/rss/rd/articles/CBMiZWh0dHBzOi8vd3d3LjIwbWludXRvcy5lcy9zYWx1ZC9hY3R1YWxpZGFkL2RpZXRhLWRhc2gtcmVkdWNlLXJpZXNnby1lbmZlcm1lZGFkLWNhcmRpb3Zhc2N1bGFyLTUwODE4NTEv0gEA?oc=5
110,health,51,Un parásito influye en la conducta de los lobos y los convierte en líderes de la manada - El Imparcial de Oaxaca,./TextClassification/Datos/Raw_data/health/51.txt,https://news.google.com/__i/rss/rd/articles/CBMiggFodHRwczovL2ltcGFyY2lhbG9heGFjYS5teC9jaWVuY2lhLzcyMTkxOC91bi1wYXJhc2l0by1pbmZsdXllLWVuLWxhLWNvbmR1Y3RhLWRlLWxvcy1sb2Jvcy15LWxvcy1jb252aWVydGUtZW4tbGlkZXJlcy1kZS1sYS1tYW5hZGEv0gEA?oc=5
111,health,52,Las bacterias intestinales podrían dar forma al comportamiento social - Vista al Mar,./TextClassification/Datos/Raw_data/health/52.txt,https://news.google.com/__i/rss/rd/articles/CBMid2h0dHBzOi8vd3d3LnZpc3RhYWxtYXIuZXMvY2llbmNpYS10ZWNub2xvZ2lhL2Jpb2xvZ2lhLzExNTc1LWJhY3Rlcmlhcy1pbnRlc3RpbmFsZXMtZGFyLWZvcm1hLWNvbXBvcnRhbWllbnRvLXNvY2lhbC5odG1s0gEA?oc=5
112,health,53,¿Cómo prevenir la caída del cabello con la alimentación? - miarevista.es,./TextClassification/Datos/Raw_data/health/53.txt,https://news.google.com/__i/rss/rd/articles/CBMiK2h0dHBzOi8vd3d3Lm1pYXJldmlzdGEuZXMvdHJ1Y29zLzE4NTU1Lmh0bWzSAQA?oc=5
113,health,54,Guía para entender la epilepsia de tu hijo - El Periódico de Extremadura,./TextClassification/Datos/Raw_data/health/54.txt,https://news.google.com/__i/rss/rd/articles/CBMiYmh0dHBzOi8vd3d3LmVscGVyaW9kaWNvZXh0cmVtYWR1cmEuY29tL3NhbHVkLzIwMjIvMTIvMDMvZ3VpYS1lbnRlbmRlci1lcGlsZXBzaWEtaGlqby03OTUwMzY2Mi5odG1s0gFmaHR0cHM6Ly93d3cuZWxwZXJpb2RpY29leHRyZW1hZHVyYS5jb20vc2FsdWQvMjAyMi8xMi8wMy9ndWlhLWVudGVuZGVyLWVwaWxlcHNpYS1oaWpvLTc5NTAzNjYyLmFtcC5odG1s?oc=5
114,health,55,"Huevos de codorniz, una sana y sabrosa exquisitez - Deia",./TextClassification/Datos/Raw_data/health/55.txt,https://news.google.com/__i/rss/rd/articles/CBMiYGh0dHBzOi8vd3d3LmRlaWEuZXVzL2dhc3Ryb25vbWlhLzIwMjIvMTIvMDMvaHVldm9zLWNvZG9ybml6LXNhbmEtc2Ficm9zYS1leHF1aXNpdGV6LTYyNzg0ODAuaHRtbNIBZGh0dHBzOi8vd3d3LmRlaWEuZXVzL2dhc3Ryb25vbWlhLzIwMjIvMTIvMDMvaHVldm9zLWNvZG9ybml6LXNhbmEtc2Ficm9zYS1leHF1aXNpdGV6LTYyNzg0ODAuYW1wLmh0bWw?oc=5
115,health,56,¿Cuáles son los carbohidratos que debemos evitar? - Mejor con Salud - Mejor con Salud - Fitness,./TextClassification/Datos/Raw_data/health/56.txt,https://news.google.com/__i/rss/rd/articles/CBMiSGh0dHBzOi8vbWVqb3Jjb25zYWx1ZC5hcy5jb20vZml0bmVzcy9kaWV0YS9jYXJib2hpZHJhdG9zLWRlYmVtb3MtZXZpdGFyL9IBAA?oc=5
116,health,57,Los condilomas o verrugas genitales: detectar a tiempo una de las infecciones de transmisión sexual más frecuentes - Infosalus,./TextClassification/Datos/Raw_data/health/57.txt,https://news.google.com/__i/rss/rd/articles/CBMipAFodHRwczovL3d3dy5pbmZvc2FsdXMuY29tL3NhbHVkLWludmVzdGlnYWNpb24vbm90aWNpYS1jb25kaWxvbWFzLXZlcnJ1Z2FzLWdlbml0YWxlcy1kZXRlY3Rhci10aWVtcG8taW5mZWNjaW9uZXMtdHJhbnNtaXNpb24tc2V4dWFsLW1hcy1mcmVjdWVudGUtMjAyMjEyMDMwNzU5NTEuaHRtbNIBAA?oc=5
117,health,58,Buenos hábitos para controlar la hipertensión arterial - Geriatricarea.com,./TextClassification/Datos/Raw_data/health/58.txt,https://news.google.com/__i/rss/rd/articles/CBMiYGh0dHBzOi8vd3d3LmdlcmlhdHJpY2FyZWEuY29tLzIwMjIvMTIvMDMvYnVlbm9zLWhhYml0b3MtcGFyYS1jb250cm9sYXItbGEtaGlwZXJ0ZW5zaW9uLWFydGVyaWFsL9IBAA?oc=5
118,health,59,¿Pierde el zumo de naranja la vitamina C si no se toma inmediatamente? - INFORMACIÓN,./TextClassification/Datos/Raw_data/health/59.txt,https://news.google.com/__i/rss/rd/articles/CBMiU2h0dHBzOi8vd3d3LmluZm9ybWFjaW9uLmVzL3NhbHVkLzIwMjIvMTIvMDMvenVtby1uYXJhbmphLXZpdGFtaW5hLWMtZHYtNTk5OTY3My5odG1s0gFXaHR0cHM6Ly93d3cuaW5mb3JtYWNpb24uZXMvc2FsdWQvMjAyMi8xMi8wMy96dW1vLW5hcmFuamEtdml0YW1pbmEtYy1kdi01OTk5NjczLmFtcC5odG1s?oc=5
119,health,60,La ciencia confirma que el tratamiento con luz láser mejora la memoria a corto plazo - Alimente,./TextClassification/Datos/Raw_data/health/60.txt,https://news.google.com/__i/rss/rd/articles/CBMiggFodHRwczovL3d3dy5hbGltZW50ZS5lbGNvbmZpZGVuY2lhbC5jb20vYmllbmVzdGFyLzIwMjItMTItMDMvZWwtdHJhdGFtaWVudG8tY29uLWx1ei1sYXNlci1tZWpvcmEtbGEtbWVtb3JpYS1hLWNvcnRvLXBsYXpvXzM1MzM0NDMv0gEA?oc=5
120,science,1,El aparato más desconocido de Apple haarreglado la tele barata que tengo en casa,./TextClassification/Datos/Raw_data/science/1.txt,https://elpais.com/ciencia/2022-12-07/el-adn-mas-antiguo-jamas-recuperado-muestra-el-paraiso-que-era-el-actual-desierto-polar.html
121,science,2,Empieza la construcción delmayor radiotelescopio detodos los tiempos,./TextClassification/Datos/Raw_data/science/2.txt,https://elpais.com/salud-y-bienestar/2022-12-07/un-estudio-desvela-variantes-geneticas-que-predisponen-al-consumo-de-alcohol-o-tabaco.html
122,science,3,¿Por qué se echa sal a lascarreteras cuando nieva?,./TextClassification/Datos/Raw_data/science/3.txt,https://elpais.com/ciencia/vacio-cosmico/2022-12-07/la-catastrofe-del-vacio-cosmico.html
123,science,4,Nuevo incendio de ElonMusk: carga contra elcientífico Fauci yla comunidad LGTBI,./TextClassification/Datos/Raw_data/science/4.txt,https://elpais.com/ciencia/2022-12-07/los-animales-tambien-tienen-el-cerebro-asimetrico.html
124,science,5,Lluvia de estrellas de lasGemínidas 2022: a quehora es el máximo ycomo ver los meteoros,./TextClassification/Datos/Raw_data/science/5.txt,https://elpais.com/tecnologia/2022-12-07/china-ucrania-y-el-litio-podremos-reducir-las-emisiones-de-co-usando-vehiculos-electricos.html
125,science,6,¿Existen minisatélites que orbiten alrededor delunas de planetas?,./TextClassification/Datos/Raw_data/science/6.txt,https://elpais.com/ciencia/2022-12-05/hallada-en-marte-una-zona-volcanica-tan-grande-como-europa-que-puede-entrar-en-erupcion.html
126,science,7,Los pasajeros olvidados del “Artemis P,./TextClassification/Datos/Raw_data/science/7.txt,https://elpais.com/ciencia/2022-12-08/el-medicamento-mas-caro-del-mundo-un-nuevo-farmaco-para-terapia-genica-contra-la-hemofilia.html
127,science,8,¿Podían los diplodocusprovocar un boomsupersónico con sus colas?,./TextClassification/Datos/Raw_data/science/8.txt,https://elpais.com/ciencia/las-cientificas-responden/2022-12-08/existen-minisatelites-que-orbiten-alrededor-de-lunas-de-planetas.html
128,science,9,El invento español quelogra limpiar el aire delas ciudades por la noche,./TextClassification/Datos/Raw_data/science/9.txt,https://elpais.com/ciencia/2022-12-08/los-pasajeros-olvidados-del-artemis-i.html
129,science,10,Un prototipo de vacunade ARNm universalcontra la gripe funcionaen ratones,./TextClassification/Datos/Raw_data/science/10.txt,https://elpais.com/ciencia/2022-12-09/moises-exposito-alonso-sobre-la-extincion-silenciosa-el-antropoceno-ya-ha-provocado-una-perdida-de-biodiversidad-irremplazable.html
130,science,11,Un fósil ubica al primereuropeo moderno enCataluña,./TextClassification/Datos/Raw_data/science/11.txt,https://www.abc.es/ciencia/inteligencia-artificial-google-cerca-humana-puede-programar-20221207200424-nt.html
131,science,12,Marte no está muerto:hallan una zona volcánicaactiva del tamaño de Europa,./TextClassification/Datos/Raw_data/science/12.txt,https://www.abc.es/ciencia/explosion-kilonova-pone-patas-arriba-creiamos-saber-20221207155237-nt.html
132,science,13,A la caza del segundoagujero negro supermasivomás próximo a la Tierra,./TextClassification/Datos/Raw_data/science/13.txt,https://www.abc.es/ciencia/restos-antiguos-hallados-permiten-reconstruir-ecosistema-millones-20221207111931-nt.html
133,science,14,La explosión de unakilonova pone 'patas arriba'lo que creíamos saber sobrelos estallidos de rayosgamma (GRB),./TextClassification/Datos/Raw_data/science/14.txt,https://www.abc.es/ciencia/diplodocus-provocar-boom-supersonico-colas-20221207155745-nt.html
134,science,15,Los restos más antiguos deADN desvelan queGroenlandia era un vergelhace dos millones de años,./TextClassification/Datos/Raw_data/science/15.txt,https://www.abc.es/ciencia/mandibula-hallada-cataluna-cien-anos-adelanta-llegada-20221207133426-nt.html
135,science,16,"Escrito en las estrellas, ¿qué hemos aprendido deellas?",./TextClassification/Datos/Raw_data/science/16.txt,https://www.abc.es/ciencia/caza-segundo-agujero-negro-supermasivo-proximo-tierra-20221205150229-nt.html
136,science,17,"Una inteligencia artificial deGoogle, más cerca de 'serhumana"": ahora puedeprogramar",./TextClassification/Datos/Raw_data/science/17.txt,https://www.abc.es/ciencia/marte-muerto-encuentran-zona-volcanica-activa-tamano-20221205191543-nt.html
137,science,18,"Moisés Expósito-Alonso, sobre la extinciónsilenciosa: “El Antropoceno ya ha provocado unapérdida de biodiversidad irremplazable”",./TextClassification/Datos/Raw_data/science/18.txt,https://www.abc.es/ciencia/dinosaurios-extinguido-mundo-diferente-20221130142958-nt.html
138,science,19,Así es el síndrome de la puerta equivocada: eldrama de los pacientes con patología dual,./TextClassification/Datos/Raw_data/science/19.txt,https://www.abc.es/ciencia/idiomas-palabrotas-patron-evitan-letras-20221205170015-nt.html
139,science,20,“Artemis P se prepara para hacer historia alzambullirse en el Pacífico,./TextClassification/Datos/Raw_data/science/20.txt,https://www.abc.es/ciencia/agencia-espacial-espanola-ubicara-sevilla-20221205132553-nt.html
140,science,21,"La NASA española yatiene sede, pero falta unplan para subirnos a lacarrera espacial",./TextClassification/Datos/Raw_data/science/21.txt,https://www.elconfidencial.com/tecnologia/ciencia/2022-12-07/agencia-sevilla-espana-orbita-espacial_3536672/
141,science,22,La Agencia EspacialEspañola se ubicará enSevilla,./TextClassification/Datos/Raw_data/science/22.txt,https://www.elconfidencial.com/tecnologia/ciencia/2022-12-07/luna-llena-diciembre-2022-cuando-es_3536662/
142,science,23,La misión espacial Artemis I llega a la Tierra tras26 días de travesía alrededor de la Luna,./TextClassification/Datos/Raw_data/science/23.txt,https://www.elconfidencial.com/tecnologia/ciencia/2022-12-05/revolucionaria-hipotesis-suicidio-parasitos-actos_3527277/
143,science,24,Cuándo es la última lunallena de 2022: llega laluna fría' de diciembre,./TextClassification/Datos/Raw_data/science/24.txt,https://www.elconfidencial.com/tecnologia/ciencia/2022-12-01/meteorito-islas-canarias-estruendo-mar-gran-canaria_3533108/
144,science,25,Medio siglo desde el Apolo 17”: así fue la últimaida y vuelta a la Luna,./TextClassification/Datos/Raw_data/science/25.txt,https://www.elconfidencial.com/tecnologia/ciencia/2022-11-30/ordenador-cuantico-logra-primera-simulacion-agujero-gusano_3532694/
145,science,26,El medicamento más caro del mundo: un nuevofármaco para terapia génica contra la hemofilia,./TextClassification/Datos/Raw_data/science/26.txt,https://www.elconfidencial.com/tecnologia/ciencia/2022-11-30/cientificas-espanolas-ciencia-sabias-antonio-villarreal_3532111/
146,science,27,La revolucionariahipótesis sobre elsuicidio: parásitos ymicrobios alterannuestros actos,./TextClassification/Datos/Raw_data/science/27.txt,https://www.elconfidencial.com/tecnologia/ciencia/2022-11-29/cara-san-isidro-estudio-forense-afrodescendiente_3531637/
147,science,28,Afrodescendiente ymuerto a los 45 años: unestudio forense revela lacara de San Isidro,./TextClassification/Datos/Raw_data/science/28.txt,https://www.elconfidencial.com/tecnologia/ciencia/2022-11-29/invento-espanol-descontaminar-aire-noche_3529910/
148,science,29,"Nudos que representan números, lasmatemáticas de los incas",./TextClassification/Datos/Raw_data/science/29.txt,https://www.elconfidencial.com/tecnologia/ciencia/2022-11-24/prototipo-vacina-arnm-universal-contra-gripe-funciona-ratones_3529314/
149,science,30,“Todos los fenómenos paranormales se puedenexplicar e incluso provocar desde el cerebro”,./TextClassification/Datos/Raw_data/science/30.txt,https://www.elconfidencial.com/tecnologia/ciencia/2022-11-23/astronautas-pablo-alvarez-sara-garcia-esa-espacio_3528635/
150,science,31,"La historia de las científicas españolas que sesalieron del ""camino marcado""",./TextClassification/Datos/Raw_data/science/31.txt,https://elpais.com/ciencia/2022-12-13/los-responsables-de-medir-el-tiempo-quieren-jubilar-el-segundo-bisiesto.html
151,science,32,¿Y si los dinosaurios no sehubieran extinguido? Porqué nuestro mundo podríaser muy diferente,./TextClassification/Datos/Raw_data/science/32.txt,https://elpais.com/salud-y-bienestar/2022-12-13/todos-los-fenomenos-paranormales-se-pueden-explicar-e-incluso-provocar-desde-el-cerebro.html
152,science,33,Una 'pareja' histórica:quiénes son los dosleoneses seleccionadospara ir al espacio,./TextClassification/Datos/Raw_data/science/33.txt,https://elpais.com/ciencia/cafe-y-teoremas/2022-12-12/nudos-que-representan-numeros-las-matematicas-de-los-incas.html
153,science,34,Un meteorito sobrevuelalas islas Canarias y caecon estruendo junto aGran Canaria,./TextClassification/Datos/Raw_data/science/34.txt,https://elpais.com/ciencia/2022-12-11/la-mision-espacial-artemis-i-llega-a-la-tierra-tras-26-dias-de-travesia-alrededor-de-la-luna.html
154,science,35,Un ordenador cuánticologra la primerasimulación de un agujerode gusano,./TextClassification/Datos/Raw_data/science/35.txt,https://elpais.com/ciencia/2022-12-11/la-artemis-i-se-prepara-para-hacer-historia-al-zambullirse-en-el-pacifico.html
155,science,36,Los responsables de medir el tiempo quierenjubilar el segundo “bisiesto”,./TextClassification/Datos/Raw_data/science/36.txt,https://elpais.com/ciencia/2022-12-10/medio-siglo-desde-el-apolo-17-asi-fue-la-ultima-ida-y-vuelta-a-la-luna.html
156,science,37,"En todos los idiomas, laspalabrotas tienen unpatrón: evitan las letras 'I' 'r'y 'w",./TextClassification/Datos/Raw_data/science/37.txt,https://elpais.com/ciencia/2022-12-08/el-medicamento-mas-caro-del-mundo-un-nuevo-farmaco-para-terapia-genica-contra-la-hemofilia.html
157,science,38,Los animales también tienen el cerebroasimétrico,./TextClassification/Datos/Raw_data/science/38.txt,https://elpais.com/salud-y-bienestar/2022-12-09/asi-es-el-sindrome-de-la-puerta-equivocada-el-drama-de-los-pacientes-con-patologia-dual.html
158,science,39,El nuevo coche de explosión de hidrógeno quesoluciona el problema de los eléctricos,./TextClassification/Datos/Raw_data/science/39.txt,https://elpais.com/ciencia/vacio-cosmico/2022-11-30/escrito-en-las-estrellas-que-hemos-aprendido-de-ellas.html
159,science,40,"El mundo, más cerca decontar con una fuenteinagotable de energía",./TextClassification/Datos/Raw_data/science/40.txt,https://elpais.com/clima-y-medio-ambiente/2022-12-13/la-ue-impondra-un-arancel-climatico-para-gravar-el-co-de-las-importaciones.html
160,science,41,EE.UU. anunciará el martes«un importante avancecientífico» sobre fusiónnuclear,./TextClassification/Datos/Raw_data/science/41.txt,https://www.abc.es/ciencia/jose-manuel-perlado-fisico-20221212142001-nt.html
161,science,42,"China, Ucranía y el litio:¿podremos reducir lasemisiones de CO,usando vehículoseléctricos?",./TextClassification/Datos/Raw_data/science/42.txt,https://www.abc.es/ciencia/mundo-cerca-contar-fuente-inagotable-energia-20221212211437-nt.html
162,science,43,No te obsesiones con laNochebuena perfecta: lamejor Navidad es la tuya,./TextClassification/Datos/Raw_data/science/43.txt,https://www.abc.es/ciencia/eeuu-anunciara-importante-avance-cientifico-sobre-fusion-20221212093542-nt.html
163,science,44,"José Manuel Perlado,físico: «Es un hito, algo quelos científicos quetrabajamos en fusiónesperábamos desde los años60»",./TextClassification/Datos/Raw_data/science/44.txt,https://www.abc.es/ciencia/necesitas-saber-sobre-fusion-energia-inagotable-estrellas-20221212193604-nt.html
164,science,45,El verificado de Twitteres lo de menos: larealidad de que Musk tepida pagar hasta 11$,./TextClassification/Datos/Raw_data/science/45.txt,https://www.abc.es/ciencia/exito-mision-artemis-despeja-camino-regreso-humanidad-20221211181543-nt.html
165,science,46,El medicamento más caro del mundo: un nuevofármaco para terapia génica contra la hemofilia,./TextClassification/Datos/Raw_data/science/46.txt,https://www.abc.es/ciencia/murio-estrella-misteriosa-nebulosa-ocho-estallidos-20221209183928-nt.html
166,science,47,Detenido el fundador deFTX en las Bahamas trasser imputado en EEUUpor fraude y blanqueo,./TextClassification/Datos/Raw_data/science/47.txt,https://www.abc.es/ciencia/apolo-prediccion-ultimo-hombre-piso-luna-cerca-20221210193822-nt.html
167,science,48,Hallada en Marte una zona volcánica tan grandecomo Europa que puede entrar en erupción,./TextClassification/Datos/Raw_data/science/48.txt,https://www.abc.es/ciencia/empieza-construccion-mayor-radiotelescopio-tiempos-20221209105948-nt.html
168,science,49,"La UE impondrá un arancel climático para gravarel CO, de las importaciones",./TextClassification/Datos/Raw_data/science/49.txt,https://www.abc.es/ciencia/echa-carreteras-nieva-20221209120931-nt.html
169,science,50,"Todo lo que necesitas sabersobre la fusión, la energíainagotable de las estrellasque aspira a encender tunevera",./TextClassification/Datos/Raw_data/science/50.txt,https://www.abc.es/ciencia/color-fuego-20221209115208-nt.html
170,science,51,Un estudio desvela variantes genéticas quepredisponen al consumo de alcohol o tabaco,./TextClassification/Datos/Raw_data/science/51.txt,https://www.elconfidencial.com/tecnologia/ciencia/2022-12-13/eeuu-fusion-nuclear-energia-inagotable_3538891/
171,science,52,¿De qué color es el fuego?,./TextClassification/Datos/Raw_data/science/52.txt,https://www.elconfidencial.com/tecnologia/ciencia/2022-12-11/cientifico-busca-nueva-puerta-cerebro-farmacos_3532456/
172,science,53,La catástrofe del vacío (cósmico),./TextClassification/Datos/Raw_data/science/53.txt,https://www.elconfidencial.com/tecnologia/ciencia/2022-12-11/artemis-llega-a-la-tierra-mision-cumplida_3538132/
173,science,54,Hito histórico de EEUU en fusión nuclear: quéfalta ahora para tener energía inagotable,./TextClassification/Datos/Raw_data/science/54.txt,https://www.elconfidencial.com/tecnologia/2022-12-13/detenido-el-fundador-de-ftx-en-las-bahamas-tras-ser-imputado-en-eeuu_3538966/
174,science,55,El éxito de la misiónArtemis I despeja el caminode regreso de la humanidadala Luna,./TextClassification/Datos/Raw_data/science/55.txt,https://www.elconfidencial.com/tecnologia/2022-12-13/twitter-blue-twitter-realidad-musk-pagar-11-dolares_3538430/
175,science,56,Artemis I regresa a laTierra tras casi un mesde travesía espacial,./TextClassification/Datos/Raw_data/science/56.txt,https://www.elconfidencial.com/tecnologia/novaceno/2022-12-13/el-nuevo-coche-de-explosion-de-hidrogeno-que-soluciona-el-problema-de-los-electricos_3538561/
176,science,57,El ADN más antiguo jamás recuperado muestra elparaíso que era el actual desierto polar,./TextClassification/Datos/Raw_data/science/57.txt,https://www.elconfidencial.com/tecnologia/2022-12-13/nochebuena-perfecta-bra_3537233/
177,science,58,"Apolo 17: La predicción delúltimo hombre que pisó laLuna, más cerca decumplirse 50 años después",./TextClassification/Datos/Raw_data/science/58.txt,https://www.elconfidencial.com/tecnologia/2022-12-12/geminidas-2022-a-que-hora-es-el-maximo-y-como-ver_3538716/
178,science,59,Así murió la estrella de lamisteriosa Nebulosa de losOcho Estallidos,./TextClassification/Datos/Raw_data/science/59.txt,https://www.elconfidencial.com/tecnologia/2022-12-12/elon-musk-fauci-yoel-roth-twitter_3538378/
179,science,60,Este español busca unapuerta 'imposible' en elcerebro para suministrarfármacos,./TextClassification/Datos/Raw_data/science/60.txt,https://www.elconfidencial.com/tecnologia/2022-12-12/apple-tv-4k-especificaciones-precio-opiniones_3536297/
180,politics,1,"El Gobierno aparca 'mordaza' y vivienda yacelera la ley trans, la de bienestar animaly el Código Penal para antes de fin de año",./TextClassification/Datos/Raw_data/politics/1.txt,https://www.20minutos.es/noticia/5083286/0/cgpj-tacha-baja-menstrual-aborto-injustificada-estigmatizante-critica-eliminen-dias-reflexion/
181,politics,2,Podemos propone un cheque ayuda de hasta 500euros y un impuesto a los grandessupermercados,./TextClassification/Datos/Raw_data/politics/2.txt,https://www.20minutos.es/noticia/5083241/0/h2med-2500-millones-10-hidrogeno-ue-2030-macron-origen-nuclear/
182,politics,3,Almeida busca un milagro para evitar la prórrogade los Presupuestos de Madrid para 2023,./TextClassification/Datos/Raw_data/politics/3.txt,https://www.20minutos.es/noticia/5082995/0/sanchez-aspira-ue-pague-mitad-corredor-hidrogeno-verde-bar-mar-formalizara-marcon-costa/
183,politics,4,"Nueva condena de cárcel al ""pequeñoNicolás' por fingir ser agente del CNI y delGobierno",./TextClassification/Datos/Raw_data/politics/4.txt,https://www.20minutos.es/noticia/5083208/0/opinion-miguel-fernandez-guerra-defensa-voto-16-anos/
184,politics,5,La comisión de Justicia aprueba lasrebajas en malversación y sedición entredenuncias de “autoritarismo” de lasderechas,./TextClassification/Datos/Raw_data/politics/5.txt,https://www.20minutos.es/noticia/5082918/0/sanchez-y-meloni-se-reunen-este-viernes-por-primera-vez-en-alicante-aunque-dejaran-de-lado-el-rechazo-italiano-a-rescatar-migrantes/
185,politics,6,Que el ruido no ensordezca lo importante,./TextClassification/Datos/Raw_data/politics/6.txt,https://www.20minutos.es/noticia/5083175/0/psoe-y-unidas-podemos-plantean-un-nuevo-delito-de-enriquecimiento-ilicito-para-politicos-que-no-toca-la-malversacion/
186,politics,7,"La historia de Zakhar, uno de los 30.000 niñosucranianos que estudian en España: ""Megustaría estudiar Derecho aquí""",./TextClassification/Datos/Raw_data/politics/7.txt,https://www.20minutos.es/viajes/actualidad/peru-teme-una-debacle-del-turismo-por-la-grave-crisis-politica-pero-las-aerolineas-mantienen-sus-vuelos-desde-espana-5083001/
187,politics,8,Meloni cancela su presencia en la cumbreeuromediterránea por una gripe,./TextClassification/Datos/Raw_data/politics/8.txt,https://www.20minutos.es/noticia/5082819/0/opinion-montse-minguez-ruido-no-ensombrezca-importante/
188,politics,9,El corredor de hidrógeno verde entreEspaña y Francia costará unos 2.500millones,./TextClassification/Datos/Raw_data/politics/9.txt,https://www.20minutos.es/noticia/5075776/0/la-historia-de-zakhar-uno-de-los-30-000-ninos-ucranianos-que-estudian-en-espana-me-gustaria-estudiar-derecho-aqui/
189,politics,10,"Fraude fiscal, blanqueo y amenazas: lainmunidad salva a Juan Carlos I de mediadocena de acusaciones",./TextClassification/Datos/Raw_data/politics/10.txt,https://www.20minutos.es/noticia/5082879/0/unidas-podemos-ve-con-temor-la-reforma-de-la-malversacion-anunciada-por-sanchez-ante-el-riesgo-de-que-beneficie-a-corruptos/
190,politics,11,Mujeres en la política: 10 películas para ver enplataformas sobre figuras que rompieron techosde cristal,./TextClassification/Datos/Raw_data/politics/11.txt,https://elpais.com/internacional/2022-12-09/una-senadora-democrata-deja-el-partido-y-complica-a-biden-el-control-del-senado.html
191,politics,12,La Fiscalía pide la detención del exalcalde deBenito Juárez Christian Von Roehrich por el casodel cartel inmobiliario”,./TextClassification/Datos/Raw_data/politics/12.txt,https://elpais.com/videos/2022-12-09/acoso-en-vivo-una-concejala-brasilena-es-abrazada-y-besada-a-la-fuerza-dentro-de-un-pleno.html?autoplay=1
192,politics,13,La subjetividad delinsulto,./TextClassification/Datos/Raw_data/politics/13.txt,https://elpais.com/internacional/2022-12-09/el-espionaje-a-periodistas-politicos-y-militares-asedia-al-gobierno-de-grecia.html
193,politics,14,Una concejala brasileñaes abrazada y besada ala fuerza dentro de unpleno,./TextClassification/Datos/Raw_data/politics/14.txt,https://elpais.com/espana/2022-12-09/sanchez-y-meloni-ponen-a-prueba-la-relacion-entre-espana-e-italia.html
194,politics,15,"El espionaje a periodistas, políticos y militaresasedía al Gobierno de Grecia",./TextClassification/Datos/Raw_data/politics/15.txt,https://elpais.com/cultura/2022-12-09/mujeres-en-la-politica-10-peliculas-para-ver-en-plataformas-sobre-figuras-que-rompieron-techos-de-cristal.html
195,politics,16,El número de hogares acogidos a la tarifaregulada del gas creció un 10% desde octubre,./TextClassification/Datos/Raw_data/politics/16.txt,https://elpais.com/ideas/2022-12-09/la-subjetividad-del-insulto.html
196,politics,17,Una senadora demócrata deja el partido ycomplica a Biden el control del Senado,./TextClassification/Datos/Raw_data/politics/17.txt,https://elpais.com/mexico/2022-12-08/la-fiscalia-pide-la-detencion-del-exalcalde-de-benito-juarez-christian-von-roehrich-por-el-caso-del-cartel-inmobiliario.html
197,politics,18,Podemos ve con temor la reforma de lamalversación anunciada por Sánchez ante elriesgo de que beneficie a corruptos,./TextClassification/Datos/Raw_data/politics/18.txt,https://elpais.com/espana/2022-12-08/el-gobierno-prepara-una-pirueta-legislativa-para-desbloquear-la-renovacion-del-constitucional.html
198,politics,19,El PSOE se queda solo y no consigue limitar laautodeterminación de género para losmenores en la ley trans,./TextClassification/Datos/Raw_data/politics/19.txt,https://elpais.com/america-colombia/2022-12-08/petro-asegura-que-pedro-castillo-se-dejo-lleva-a-un-suicidio-politico.html
199,politics,20,Trias se suma a la carrera por la alcaldía deBarcelona: estos son los candidatos yaconfirmados... y los partidos aún sin 'líder',./TextClassification/Datos/Raw_data/politics/20.txt,https://elpais.com/mexico/2022-12-08/lopez-obrador-confirma-que-pedro-castillo-solicito-asilo-en-mexico.html
200,politics,21,Los conservadores del Poder Judicialpiden un pleno urgente para sortear lareforma sobre la renovación delConstitucional,./TextClassification/Datos/Raw_data/politics/21.txt,https://www.eldiario.es/politica/conservadores-judicial-piden-pleno-urgente-soslayar-reforma-gobierno-renovacion-constitucional_1_9781586.html
201,politics,22,México inicia los trámites de asilo de PedroCastillo después de la solicitud formal delexpresidente,./TextClassification/Datos/Raw_data/politics/22.txt,https://www.eldiario.es/politica/judicial-propone-mantener-obligacion-esperar-tres-dias-reafirmarse-decision-abortar_1_9781115.html
202,politics,23,La reforma de la sedición y de la malversaciónsupera el último trámite y queda lista para seraprobada en el Congreso,./TextClassification/Datos/Raw_data/politics/23.txt,https://www.eldiario.es/politica/bruselas-evita-opinar-cambios-mayoria-elegir-constitucional-e-insiste-renovacion-judicial_1_9780937.html
203,politics,24,El Poder Judicial propone mantener laobligación de esperar tres días parareafirmarse en la decisión de abortar,./TextClassification/Datos/Raw_data/politics/24.txt,https://www.eldiario.es/politica/pp-vox-anuncian-recursos-constitucional-cambios-legislativos-anunciados-gobierno_1_9780358.html
204,politics,25,"Entrevista lone Belarra: ""El objetivo de la leyde familias es que pases más tiempo con lostuyos que con tu jefe""",./TextClassification/Datos/Raw_data/politics/25.txt,https://www.eldiario.es/politica/erc-pide-rebajar-tres-anos-condena-maxima-carcel-malverse-dinero-publico-beneficio-personal_1_9780076.html
205,politics,26,"Ribera, ""extremadamente preocupada"" por laúltima propuesta para topar el gas a 220 eurosy augura un debate ""complicado"" este martes",./TextClassification/Datos/Raw_data/politics/26.txt,https://www.eldiario.es/politica/codigo-penal-incluira-delito-enriquecimiento-ilicito-cargos-publicos-tres-anos-carcel_1_9780145.html
206,politics,27,Bruselas evita opinar sobre los cambiosen la mayoría para elegir elConstitucional e insiste en la renovacióndel Poder Judicial,./TextClassification/Datos/Raw_data/politics/27.txt,https://www.eldiario.es/andalucia/cadiz/david-cruz-candidato-continuista-sustituir-kichi-cadiz-hemos-mostrado-modelo-distinto-politica_1_9787330.html
207,politics,28,"David De la Cruz, un candidatocontinuista para sustituir a Kichi enCádiz: “Hemos mostrado un modelodistinto de hacer política”",./TextClassification/Datos/Raw_data/politics/28.txt,https://www.eldiario.es/economia/corredor-hidrogeno-verde-espana-francia-costara-2-500-millones_1_9780341.html
208,politics,29,España y el bloque de países por un límite bajoal gas flexibilizan su postura para tratar deconvencer a Alemania y Países Bajos,./TextClassification/Datos/Raw_data/politics/29.txt,https://www.eldiario.es/politica/fraude-fiscal-blanqueo-amenazas-inmunidad-salva-juan-carlos-i-media-docena-acusaciones_1_9776319.html
209,politics,30,ERC se enreda con el referéndum unilateral:Junqueras lo avala y Rufián no lo contempla,./TextClassification/Datos/Raw_data/politics/30.txt,https://www.eldiario.es/politica/vicepresidenta-ceuta-alega-cumplio-mandato-interior-pide-no-juzgada-deportar-menores_1_9779256.html
210,politics,31,El Código Penal incluirá el delito deenriquecimiento ilícito de cargos públicoscon hasta tres años de cárcel,./TextClassification/Datos/Raw_data/politics/31.txt,https://www.20minutos.es/noticia/5084149/0/psoe-renuncia-definitivamenteenmiendas-ley-trans-autodeterminacion-menores/
211,politics,32,El Gobierno cambia la ley para desbloquear larenovación del Constitucional “ante el secuestrodel PP”,./TextClassification/Datos/Raw_data/politics/32.txt,https://www.20minutos.es/noticia/5084166/0/erc-se-enreda-con-el-referendum-unilateral-junqueras-lo-avala-y-rufian-no-lo-contempla/
212,politics,33,La vicepresidenta de Ceuta alega quecumplió un “mandato” de Interior y pideno ser juzgada por deportar a menores,./TextClassification/Datos/Raw_data/politics/33.txt,https://www.20minutos.es/noticia/5084090/0/espana-bloque-paises-tope-bajo-gas-flexibilizan-tratar-convencer-alemania-paises-bajos/
213,politics,34,PP y Vox anuncian recursos ante elConstitucional contra los cambioslegislativos anunciados por el Gobierno,./TextClassification/Datos/Raw_data/politics/34.txt,https://www.20minutos.es/noticia/5084125/0/la-reforma-de-la-sedicion-y-de-la-malversacion-supera-el-ultimo-tramite-y-queda-lista-para-ser-aprobada-en-el-congreso/
214,politics,35,ERC pide rebajar a tres años la condenamáxima de cárcel por malversar dineropúblico sin beneficio personal o de otros,./TextClassification/Datos/Raw_data/politics/35.txt,https://www.20minutos.es/noticia/5084002/0/trias-se-suma-a-los-candidatos-confirmados-para-optar-a-la-alcaldia-de-barcelona-junto-a-colau-maragall-y-collboni/
215,politics,36,El PSOE renuncia definitivamente a susenmiendas a la ley trans sobre el cambioregistral de sexo de menores de edad,./TextClassification/Datos/Raw_data/politics/36.txt,https://www.20minutos.es/noticia/5084044/0/ione-belarra-el-objetivo-de-la-ley-de-familias-es-que-pases-mas-tiempo-con-los-tuyos-que-con-tu-jefe/
216,politics,37,Petro asegura que Pedro Castillo “se dejó llevar aun suicidio político”,./TextClassification/Datos/Raw_data/politics/37.txt,https://www.20minutos.es/noticia/5084030/0/ribera-extramadamente-preocupada-ultima-propuesta-topar-gas-220-euros-debate-complicado/
217,politics,38,En defensa del voto a los 16 años,./TextClassification/Datos/Raw_data/politics/38.txt,https://www.20minutos.es/noticia/5084028/0/psoe-queda-solo-limitar-autodeterminacion-genero-menores-edad-ley-trans/
218,politics,39,"Feijóo rechaza la moción de censura deVox, pero se abstendrá en lugar de votaren contra como hizo Casado",./TextClassification/Datos/Raw_data/politics/39.txt,https://www.20minutos.es/noticia/5084012/0/numero-hogares-acogidos-tarifa-regulada-gas-crecio-10-octubre/
219,politics,40,"Bolaños, sobre Cataluña: “No va a haber enningún caso un referéndum. Estamos en superarla tensión de 2017”",./TextClassification/Datos/Raw_data/politics/40.txt,https://www.20minutos.es/noticia/5083950/0/sandro-rosell-anunciara-tras-reyes-si-se-presenta-a-la-alcaldia-de-barcelona/
220,politics,41,Un oasis en Madrid para que los defensores dederechos humanos recuperen el aliento,./TextClassification/Datos/Raw_data/politics/41.txt,https://elpais.com/espana/catalunya/2022-12-13/xavier-trias-llama-a-los-votantes-de-psc-y-erc-para-echar-a-ada-colau-de-la-alcaldia-de-barcelona.html
221,politics,42,Meloni cancela su viaje a Alicante por unagripe y se suspende la reunión prevista conSánchez,./TextClassification/Datos/Raw_data/politics/42.txt,https://elpais.com/espana/2022-12-13/bolanos-sobre-cataluna-no-va-a-haber-en-ningun-caso-un-referendum-estamos-en-superar-la-tension-de-2017.html
222,politics,43,Bolaños asegura que los barones delPSOE “entienden” la acción del Gobiernoen Catalunya cuando se lo explican,./TextClassification/Datos/Raw_data/politics/43.txt,https://elpais.com/america-futura/2022-12-13/un-oasis-en-madrid-para-que-los-defensores-de-derechos-humanos-recuperen-el-aliento.html
223,politics,44,Xavier Trias llama a los votantes de PSC y ERCpara echar a Ada Colau de la alcaldía deBarcelona,./TextClassification/Datos/Raw_data/politics/44.txt,https://elpais.com/opinion/2022-12-13/que-los-politicos-no-falten-al-respeto.html
224,politics,45,"El Ministerio de Igualdad pacta conMoncloa una enmienda para clarificar laley del ""solo sí es sí'",./TextClassification/Datos/Raw_data/politics/45.txt,https://elpais.com/espana/catalunya/2022-12-12/xavier-trias-anuncia-que-optara-a-alcaldia-de-barcelona.html
225,politics,46,"Perú teme una debacle del turismo por laerave crisis política, pero las aerolineasmantienen sus vuelos desde España",./TextClassification/Datos/Raw_data/politics/46.txt,https://elpais.com/espana/2022-12-12/upn-rompe-con-pp-y-ciudadanos-y-concurrira-en-solitario-a-las-elecciones-de-mayo.html
226,politics,47,ERC afirma que la malversación no se hanegociado por “situaciones personales”sino para “futuras generaciones”,./TextClassification/Datos/Raw_data/politics/47.txt,https://elpais.com/espana/comunidad-valenciana/2022-12-12/la-reforma-del-codigo-penal-no-le-vale-al-exalcalde-de-gandia-del-pp-para-suspender-su-juicio-por-malversacion.html
227,politics,48,PSOE y Unidas Podemos plantean un nuevodelito de enriquecimiento ilícito para políticosque no toca la malversación,./TextClassification/Datos/Raw_data/politics/48.txt,https://elpais.com/economia/2022-12-12/podemos-propone-un-cheque-ayuda-de-hasta-500-euros-y-un-impuesto-a-los-grandes-supermercados.html
228,politics,49,Sandro Rosell anunciará tras Reyes si sepresenta a la Alcaldía de Barcelona,./TextClassification/Datos/Raw_data/politics/49.txt,https://elpais.com/espana/madrid/2022-12-12/almeida-busca-un-milagro-para-evitar-la-prorroga-de-los-presupuestos-de-madrid-para-2023.html
229,politics,50,Que los politicos noJalten al respeto,./TextClassification/Datos/Raw_data/politics/50.txt,https://elpais.com/clima-y-medio-ambiente/2022-12-12/el-psoe-y-unidas-podemos-siguen-sin-ponerse-de-acuerdo-con-la-ley-de-bienestar-animal.html
230,politics,51,El H2Med costará 2.500 millones para llevarun 10% del hidrógeno de la UE en 2030 yMacron insiste en que sea también nuclear,./TextClassification/Datos/Raw_data/politics/51.txt,https://www.eldiario.es/politica/gobierno-asegura-no-celebrar-referendum-catalunya-acuerdo-erc-malversacion_1_9790015.html
231,politics,52,El PSOE y Unidas Podemos siguen sin ponerse deacuerdo con la ley de bienestar animal,./TextClassification/Datos/Raw_data/politics/52.txt,https://www.eldiario.es/politica/supremo-confirma-15-anos-carcel-violador-condena-posible-ley-si-si_1_9789737.html
232,politics,53,Sánchez aspira a que la UE pague la mitad delcorredor de hidrógeno verde BarMar que esteviernes formalizará junto a Macron y Costa,./TextClassification/Datos/Raw_data/politics/53.txt,https://www.eldiario.es/politica/gobierno-garantizara-ley-secreto-profesional-periodistas_1_9789567.html
233,politics,54,El Gobierno asegura que no se va acelebrar ningún referéndum” enCatalunya tras al acuerdo con ERC sobremalversación,./TextClassification/Datos/Raw_data/politics/54.txt,https://www.eldiario.es/politica/erc-afirma-malversacion-no-negociado-base-situaciones-personales-futuras-generaciones_1_9788956.html
234,politics,55,Xavier Trías anuncia que optara a la Alcaldía deBarcelona,./TextClassification/Datos/Raw_data/politics/55.txt,https://www.eldiario.es/politica/ministerio-igualdad-pacta-moncloa-enmienda-codigo-penal-clarificar-ley-si-si_1_9788718.html
235,politics,56,El Gobierno garantizará por ley el secretoprofesional de los periodistas,./TextClassification/Datos/Raw_data/politics/56.txt,https://www.eldiario.es/politica/feijoo-rechaza-mocion-censura-vox-dice-abstendra-lugar-votar-hizo-casado_1_9788727.html
236,politics,57,"El CGPJ tacha la baja menstrual de la ley delaborto de ""injustificada"" y ""estigmatizante"" ycritica que se eliminen los días de reflexión",./TextClassification/Datos/Raw_data/politics/57.txt,https://www.eldiario.es/castilla-la-mancha/politica/bolanos-asegura-barones-psoe-entienden-accion-gobierno-catalunya-explican_1_9788703.html
237,politics,58,La reforma del Código Penal no le vale alexalcalde de Gandia del PP para suspender sujuicio por malversación,./TextClassification/Datos/Raw_data/politics/58.txt,https://www.eldiario.es/politica/comision-justicia-aprueba-rebajas-malversacion-sedicion-denuncias-autoritarismo-oposicion_1_9788562.html
238,politics,59,UPN rompe con PP y Ciudadanos y concurrirá ensolitario a las elecciones de mayo,./TextClassification/Datos/Raw_data/politics/59.txt,https://www.eldiario.es/politica/condena-17-meses-carcel-pequeno-nicolas-fingir-agente-cni-gobierno_1_9656057.html
239,politics,60,El Supremo confirma 15 años de cárcel aun violador porque su condena tambiénes posible con la ley del 'solo sí es sí',./TextClassification/Datos/Raw_data/politics/60.txt,https://www.eldiario.es/politica/gobierno-aparca-mordaza-vivienda-acelera-ley-trans-bienestar-animal-codigo-penal-ano_1_9787813.html
